"commodity","horizon","beta_pre","beta_post","beta_diff","n_pre","n_post","nvalid","lower_diff90","lower_diff68","upper_diff68","upper_diff90","lower_pre90","lower_pre68","upper_pre68","upper_pre90","lower_post90","lower_post68","upper_post68","upper_post90"
"Coffee",0,0.161932649426573,-0.215705917605786,-0.377638567032359,151,190,500,-0.80494407698199,-0.61752479356437,-0.112291715801019,0.0693437541127158,-0.249396006915897,-0.0830405888237377,0.376432290853111,0.579378681355996,-0.384642959351188,-0.310782280275458,-0.121315125433982,-0.0439543528632335
"Coffee",1,0.225663525280015,0.00420120882645741,-0.221462316453557,151,190,500,-0.685815512946738,-0.494391527095165,0.102163230947278,0.333611815002571,-0.277991952524942,-0.0706082540933919,0.452407789856574,0.655814210019318,-0.207502913517474,-0.126493570154832,0.132483030216783,0.231139785895331
"Coffee",2,0.291447036391488,0.0545533869628941,-0.236893649428594,151,190,500,-0.763426978179328,-0.537379287806472,0.176606687231169,0.44119152668635,-0.403899167198152,-0.108617493599614,0.533925676062851,0.711905046670921,-0.23466245865261,-0.126555666422897,0.185594995110784,0.284495380647764
"Coffee",3,0.128945992198521,0.0326100988740745,-0.0963358933244469,151,189,500,-0.686786854968942,-0.434023998038925,0.443207789250714,0.834664248574037,-0.840154648468346,-0.378118771820389,0.401680688600178,0.590109016464358,-0.338749297460777,-0.184158070006771,0.214952112636795,0.363920277555603
"Coffee",4,0.211628684493139,-0.101619107989798,-0.313247792482936,151,188,500,-1.04972227661964,-0.755238678905345,0.254750258181479,0.786035989886191,-0.854310247838841,-0.297250322420766,0.579840194205633,0.784034631520311,-0.558658615822834,-0.36133581917794,0.159312582696426,0.30862751532205
"Coffee",5,-0.0537839741217791,-0.0935863724584957,-0.0398023983367166,151,187,500,-0.887736171230743,-0.554897514014035,0.832708114689562,1.51057256641859,-1.48653280742522,-0.832750276685188,0.411102359057447,0.696261994517251,-0.555609648689667,-0.383289228475368,0.186102890081832,0.349478284746066
"Coffee",6,0.0156982821370002,-0.36863489847418,-0.38433318061118,151,186,500,-1.27354877903827,-0.922942486691136,0.421805839066061,0.993374791503488,-1.2217957849188,-0.755426977452186,0.425915921910544,0.669134481621475,-0.919623655499088,-0.71021837895802,-0.0721517172503358,0.143885567324658
"Coffee",7,0.125291276912889,-0.281065522935442,-0.406356799848331,151,185,500,-1.35831746836985,-1.02232276788026,0.57504147073057,1.21386894523437,-1.44888606813385,-0.766256348886558,0.626580025205285,0.91106152716006,-0.868490379440474,-0.627583490904976,0.0176686077600473,0.231362140531468
"Coffee",8,0.238792857759625,-0.398707795367484,-0.63750065312711,151,184,500,-1.63886100887648,-1.26769101597538,0.257632858779573,0.849817145041238,-1.24063397618259,-0.618350398343345,0.724416285181574,1.02741403447727,-1.00797869073452,-0.777298922268409,-0.0674298598185596,0.14158365286221
"Coffee",9,0.425513950993793,-0.598188729288514,-1.02370268028231,151,183,500,-2.00845860641207,-1.67523887634682,-0.158091773976048,0.480396078894127,-1.01565371656376,-0.383412774618726,0.896770214010618,1.22474512196801,-1.21347285666323,-0.996657678270744,-0.253402147799698,-0.0292134743038695
"Coffee",10,0.385867677377507,-0.451521593588649,-0.837389270966156,151,182,500,-1.81143064485509,-1.51275320884776,0.1296684320538,0.748075749707252,-1.26903030595319,-0.464265423417574,0.877098063490243,1.1799079575705,-1.12777716850809,-0.880361229499139,-0.0500680864926395,0.236798366272725
"Coffee",11,-0.109574845461813,-0.552042251620585,-0.442467406158772,151,181,500,-1.65610420571365,-1.09008548119082,0.574974918959684,1.28970141708931,-1.7191479447752,-0.915423208456235,0.382555456431467,0.769604875281763,-1.34152356616523,-1.10073724739835,-0.069188485494825,0.211749243179825
"Coffee",12,0.121830217680502,-0.499627809864041,-0.621458027544544,151,180,500,-1.93202520907828,-1.35744687343154,0.486503911324981,1.23990438377215,-1.55332311044834,-0.766000765726592,0.699196569091871,1.05937412782341,-1.28381034122742,-1.04905922420265,-0.058761206252129,0.272835805729088
"Coffee",13,-0.200085498281191,-0.785401244066019,-0.585315745784828,151,179,500,-2.11313631322155,-1.43379895354364,0.571978831292009,1.49282496785975,-2.00233071728753,-1.17857333156796,0.495731779282529,0.847310006974649,-1.66905026256408,-1.3629503048071,-0.275862636388487,0.124055346664793
"Coffee",14,0.105359093604352,-0.755244150310881,-0.860603243915233,151,178,500,-2.4040586897058,-1.71287512507669,0.414232261335086,1.70910906763466,-2.13246109404005,-0.986876537432889,0.811498646257759,1.25721986687457,-1.76029884633739,-1.36375025452915,-0.141976449584209,0.303859762858456
"Coffee",15,0.314336339303088,-0.541015143057072,-0.855351482360159,151,177,500,-2.43505749096662,-1.73018860318084,0.311302010781658,1.23283746186776,-1.79847810904606,-0.714100333651474,1.01856321286131,1.43580707279079,-1.56493998543892,-1.17309409640113,0.0724046023911953,0.466362568141797
"Coffee",16,0.19585862200324,-0.622559590025207,-0.818418212028447,151,176,500,-2.34026304922146,-1.72505935120554,0.436552538383736,1.32883964955145,-1.9168225435896,-0.758204760265375,0.894956015252981,1.32254133545254,-1.70371090886966,-1.26447198174455,0.0130921431014025,0.454936230998479
"Coffee",17,0.216026281879156,-0.641586513202518,-0.857612795081673,151,175,500,-2.35057028939126,-1.65706380841664,0.381634829841202,1.37908920435401,-1.83912023781688,-0.739579219776863,0.868225342248402,1.30250377059758,-1.71882963729796,-1.30266821575425,0.0794000432575862,0.462246723636752
"Coffee",18,-0.0309702504333115,-0.691639608443792,-0.660669358010481,151,174,500,-2.14693284949951,-1.51361137698451,0.501805043862011,1.41251115278456,-1.95417194519345,-0.935272865284067,0.601945097307634,1.11618553085383,-1.62570629183022,-1.29106919517458,0.0260640624236254,0.367954803726546
"Coffee",19,-0.0223784604971704,-0.504619392301337,-0.482240931804166,151,173,500,-2.0774957410582,-1.34369775625847,0.711883222778181,1.50637766998059,-1.60056928976875,-0.900279897288742,0.717091764715208,1.21195352820405,-1.53374018194927,-1.08423282380931,0.288147683410769,0.686448000765681
"Coffee",20,0.0723059984032047,-0.76592976408324,-0.838235762486445,151,172,500,-2.55536169065384,-1.77242102519239,0.484088795408472,1.36948852909118,-1.77501407128532,-0.982785596255923,0.830104877400628,1.31939297142114,-1.7867535459706,-1.40677134608695,0.0603218083537265,0.425893278346641
"Coffee",21,-0.00933972242348441,-0.689541960579461,-0.680202238155976,151,171,500,-2.5088289618807,-1.67127297951292,0.739230461226853,1.47920493587477,-1.83140218353186,-1.05976154709386,0.843125687006514,1.3646870116368,-1.74204658575959,-1.3172886897718,0.166327770239621,0.562370801928907
"Coffee",22,-0.179427931574391,-0.589208174602842,-0.409780243028451,151,170,500,-2.24648134879791,-1.38577300289653,1.13505286316929,2.29577626262969,-2.36496017684971,-1.5434156511391,0.727954125610871,1.32031226024144,-1.65047051840739,-1.2191066616044,0.302798755564659,0.774845933016007
"Coffee",23,0.143470070220847,-0.57093468486926,-0.714404755090107,151,169,500,-2.46637134944133,-1.67677740256196,0.671137118847166,1.66857224925331,-1.82770032807793,-0.974230784231417,0.933049741232068,1.40913760066237,-1.7483717757263,-1.29599391671784,0.387870334078788,0.832521273228485
"Coffee",24,-0.190695518290695,-0.454071275341189,-0.263375757050494,151,168,500,-1.99279754929606,-1.31063140223842,1.11291128239741,2.16272775830916,-2.02477845286735,-1.21265814215037,0.57486511477553,1.130172832035,-1.61501657686334,-1.13757370241713,0.376139188891905,0.905861906545913
"Copper",0,-0.0872400879941115,-0.0710976842869853,0.0161424037071262,163,190,500,-0.33547211464423,-0.179661623747717,0.162896112135491,0.299411363917612,-0.357238471909734,-0.240446948648647,0.0467695526339843,0.131545011784916,-0.303186977262755,-0.222795297317117,0.000808065653105714,0.057534122076653
"Copper",1,0.281049121527383,0.118868804792277,-0.162180316735105,163,190,500,-0.568157343337294,-0.43149707615083,0.0527934945306473,0.200013875508756,-0.0571228216760591,0.0821871222376209,0.4688590155103,0.6666692203667,-0.106441623457828,-0.0177604945388941,0.196592169646712,0.25608834248725
"Copper",2,0.269436001181192,0.371275240986975,0.101839239805783,163,190,500,-0.379040514908101,-0.209908305675834,0.412131965503127,0.620593912561449,-0.214437739046681,-0.0399353855698798,0.493176974889811,0.732342460983736,0.116755806984563,0.206681392702338,0.463848231918796,0.541087433367949
"Copper",3,0.319316280202878,0.280853596781639,-0.038462683421239,163,189,500,-0.620947347585336,-0.378125533385304,0.375533071319062,0.719364180514478,-0.429215968498847,-0.0721280484666737,0.613060797573187,0.81156380991083,0.00420923402510994,0.114776409060683,0.404443478802403,0.497223894704946
"Copper",4,0.515269562198431,0.172496820877214,-0.342772741321216,163,188,500,-0.98001591180161,-0.726182390155893,0.0631338469927099,0.364490075902265,-0.158579697039195,0.100352655092477,0.828850255183745,1.06615706529931,-0.127982283370727,-0.00709029682793613,0.322504370373639,0.411268258712799
"Copper",5,0.553125186962491,0.0404340092333967,-0.512691177729094,163,187,500,-1.17758522506765,-0.913548118422328,-0.0251882747362569,0.361685194271699,-0.294301812810774,0.0537030073910944,0.877320073386503,1.11856254924346,-0.26447534829141,-0.158742728057577,0.184870230879751,0.29617063474472
"Copper",6,0.723552035501206,-0.108659489206043,-0.832211524707249,163,186,500,-1.57269719933822,-1.28623289060216,-0.235852830905362,0.181944153118844,-0.303095364393008,0.120945110553411,1.11149222713664,1.3301733612963,-0.468354527268889,-0.31461251842835,0.0424383141203086,0.148116405367223
"Copper",7,0.81807396864091,-0.0600967593037507,-0.878170727944661,163,185,500,-1.61247319681956,-1.33343962274692,-0.321027491396667,-0.00186505671605232,0.000402865993558387,0.286335518099845,1.21408994922307,1.54930364043315,-0.354985906239533,-0.240349597327238,0.0844090805099771,0.195390019795823
"Copper",8,0.924214263849668,-0.257212940712052,-1.18142720456172,163,184,500,-2.00670463293184,-1.67951952292909,-0.580661183138902,-0.128693766496257,-0.0499526595121529,0.328122745478165,1.36321546677832,1.58188692747799,-0.602883332215586,-0.469505038292179,-0.0600577082789611,0.0782640663042588
"Copper",9,0.693406181195512,-0.246099918288796,-0.939506099484309,163,183,500,-1.79756664098159,-1.47810058588342,-0.326692403584635,0.0762215010403975,-0.268660610285065,0.134040851613815,1.19125447087417,1.46723952238759,-0.595471957288338,-0.477780855925957,-0.0103672297721828,0.105894320767972
"Copper",10,0.503482524940077,-0.173646921571547,-0.677129446511624,163,182,500,-1.65279613371139,-1.28470924711033,-0.0557431317294734,0.30847924425624,-0.411068509562422,-0.0404935692016121,1.00067339794881,1.31088867649519,-0.575705281937179,-0.42177527248234,0.0765281694029142,0.21182355934044
"Copper",11,0.622311463527228,-0.0032276216048386,-0.625539085132066,163,181,500,-1.70366321992428,-1.34986073252153,0.116140760971525,0.536694312700769,-0.473651703133707,-0.0588853146823751,1.31732469308513,1.651167524929,-0.381959706772376,-0.24196518609851,0.241334759929945,0.395215791892664
"Copper",12,0.679861182547202,0.102863914674923,-0.576997267872279,163,180,500,-1.77089200841313,-1.2993855278925,0.172905248387909,0.738194704430623,-0.652792540880831,-0.0431502521336615,1.32045007879746,1.77054970391051,-0.260038432477221,-0.119557486291469,0.351845264299945,0.495504941834002
"Copper",13,0.807709929042031,-0.140623406244173,-0.948333335286204,163,179,500,-2.39529222860188,-1.78625347516786,-0.109856867478808,0.590023188058454,-0.646078263238732,0.0480705707457539,1.59522341782965,2.15225061600311,-0.499747804900764,-0.361190401843161,0.128650571760046,0.267983401561414
"Copper",14,0.873739614204794,-0.272729056895521,-1.14646867110031,163,178,500,-2.67739623394322,-2.04641687730561,-0.239268477196788,0.49856652327323,-0.687927058464807,-0.000854139290970576,1.75024455483382,2.34754054356525,-0.637243898988316,-0.521496754784512,0.0135633271938463,0.197863933964102
"Copper",15,1.2434293923879,-0.291088116537746,-1.53451750892565,163,177,500,-3.13756956151803,-2.42569176177512,-0.5613083044287,0.32746359126898,-0.589838540552896,0.311968065086835,2.12533003623383,2.74877561842965,-0.702042977210489,-0.569927140782278,0.0338317149949601,0.217273157003607
"Copper",16,1.21954621800392,-0.188681526961411,-1.40822774496533,163,176,500,-2.92158943278807,-2.25452387849641,-0.39335843957743,0.436533612621927,-0.552773991981698,0.333240733497112,2.06920581256399,2.66317555575325,-0.604118394707538,-0.435211310610079,0.181133703357675,0.418063973235984
"Copper",17,1.29674058386037,-0.212655092701359,-1.50939567656173,163,175,500,-2.97969624524765,-2.36708723067238,-0.492513901233955,0.485094856744311,-0.569398334017219,0.321141159359312,2.16887288852117,2.69977338171867,-0.682074990997476,-0.493821828225293,0.174319774836938,0.4693732139022
"Copper",18,1.26925016678168,-0.270439567156742,-1.53968973393843,163,174,500,-2.94499878230814,-2.28728522001527,-0.475216897506373,0.297454453993194,-0.440945312745498,0.301297052235167,2.09797104122468,2.6224877845707,-0.743562575723423,-0.522370658320403,0.157067719977057,0.407094574207183
"Copper",19,1.04821374611828,-0.366497416251232,-1.41471116236951,163,173,500,-2.85227381876402,-2.16634716908578,-0.37221531289699,0.442903061893532,-0.633470785653668,0.133583488455758,1.84928885322318,2.39768520156882,-0.866434755083348,-0.642490831265496,0.0804792103816984,0.362106917883531
"Copper",20,1.06982653856437,-0.409924874937096,-1.47975141350147,163,172,500,-2.89362554962074,-2.31792451058289,-0.33235474714702,0.451881549762843,-0.680995231678968,0.0792023530328807,1.86614678345625,2.46511514420997,-0.920465365256306,-0.681645568335231,0.0574087856399585,0.34420533106713
"Copper",21,0.964745699067766,-0.323589901234854,-1.28833560030262,163,171,500,-2.74859509085478,-2.11353583823508,-0.172597174243423,0.547536334691168,-0.596054510479721,-0.0282434116533148,1.79891683103148,2.43683664793739,-0.853811555919846,-0.582777565467678,0.208340742865224,0.490587986734499
"Copper",22,0.70920170755757,-0.442002324504921,-1.15120403206249,163,170,500,-2.61482308416301,-2.00908719023329,-0.020995248988664,0.707815630588876,-1.00268462926007,-0.266466121713983,1.54923320560183,2.16244828846791,-0.977755571943717,-0.742495890855358,0.0452379448549359,0.353278991757333
"Copper",23,0.829524001070705,-0.606811844980202,-1.43633584605091,163,169,500,-2.9460246553384,-2.29923913640965,-0.245615779328161,0.534482842542473,-0.979197029469278,-0.155744508262142,1.66615588808103,2.29733537319989,-1.11022936956652,-0.877462188495122,-0.133857369219133,0.185101294221792
"Copper",24,0.837499419894402,-0.622822848353703,-1.4603222682481,163,168,500,-3.03903203600584,-2.29438424510503,-0.207347391060392,0.649538094029107,-0.972579403969367,-0.156374310800407,1.71864817376902,2.32161876707294,-1.07982869307749,-0.92598768620998,-0.112086227452414,0.186891245250472
"Gold",0,0.0364383346501741,-0.127827836995479,-0.164266171645653,163,190,500,-0.353207267649091,-0.287242834635572,-0.0806780425571852,-0.0258910481473698,-0.10501552505795,-0.0510337651484254,0.125847832267545,0.187972004065454,-0.251215071709952,-0.210418696036027,-0.0889472221816478,-0.0553681040616797
"Gold",1,0.0473803454889621,-0.0337679930165587,-0.0811483385055209,163,190,500,-0.304096121395389,-0.21285316099044,0.0769831366896793,0.177003450649387,-0.186173277266997,-0.0918083051214034,0.145636144310306,0.229241627244041,-0.153660800057553,-0.11127126075849,0.0417284292344758,0.0967558977126296
"Gold",2,0.105953570126648,0.079710807512903,-0.0262427626137453,163,190,500,-0.301179553257639,-0.196901301833189,0.139915656618032,0.263592402986891,-0.115184691520226,-0.0176350323584879,0.242805282989322,0.340793066760331,-0.0921394775945473,-0.0252811788903743,0.180180558877523,0.265151594018223
"Gold",3,0.0768682241536854,0.0755627781098431,-0.00130544604384229,163,189,500,-0.330383924374866,-0.196431797709098,0.226905325024948,0.382240284514902,-0.230733441382241,-0.0999657886649669,0.239287153498766,0.35635046833932,-0.115491072499561,-0.0254252805536664,0.213611289717151,0.322854620561405
"Gold",4,0.105882154906311,0.099431586366138,-0.00645056854017301,163,188,500,-0.365553234727158,-0.214556515867056,0.276609596856565,0.454220402322379,-0.264605028857231,-0.113561577201796,0.315681247303934,0.464566788839942,-0.101334625226416,-0.0270214122288379,0.277742211864466,0.372036511353676
"Gold",5,-0.119687039164023,-0.00657035329321805,0.113116685870805,163,187,500,-0.267355016874926,-0.114697926930119,0.387697336159929,0.602975210667924,-0.506255988376895,-0.353637589556155,0.0942567570429065,0.234245755811681,-0.226801457933746,-0.13890993890656,0.181227745091863,0.287554147087837
"Gold",6,-0.00510703890649662,-0.0945153431256744,-0.0894083042191778,163,186,500,-0.496670386174128,-0.343329497051863,0.203498871950826,0.37596595681712,-0.411794984822257,-0.236699475333106,0.206466221797656,0.325528578610599,-0.327827988830708,-0.249091529863184,0.07483706143288,0.182667271662396
"Gold",7,0.207033848691704,-0.181383280086229,-0.388417128777933,163,185,500,-0.820799684927586,-0.654641261207265,-0.0855901854714349,0.0540531403547386,-0.142261081106559,-0.00514972081624997,0.394246243187752,0.551586442446489,-0.463047392669374,-0.338113517417483,0.0114403394721307,0.135712985956631
"Gold",8,0.177941516357088,-0.161971107616174,-0.339912623973262,163,184,500,-0.789303199137263,-0.619796758235402,-0.0393370978155708,0.125146153015355,-0.165052541672477,-0.0432399967633535,0.382215116760762,0.527809787975042,-0.490136906320732,-0.346805077522121,0.0403060266298777,0.165033378806031
"Gold",9,0.127812110534376,-0.149914518739483,-0.277726629273859,163,183,500,-0.789195912744607,-0.577390717341211,0.0519972077690991,0.266126481679557,-0.268991362869957,-0.0874263437072977,0.350002842450377,0.496136461099915,-0.495239468809353,-0.344241444431658,0.0862997955895489,0.225373742072336
"Gold",10,0.0596012117593887,-0.103490342990973,-0.163091554750361,163,182,500,-0.720392868652982,-0.498307319187432,0.162575751962051,0.41869202444235,-0.342983888363102,-0.169388344848444,0.292361605696598,0.505824916258928,-0.439155838903657,-0.321924327615656,0.122577252868978,0.282638038098837
"Gold",11,0.105957525756158,-0.0670383521240713,-0.172995877880229,163,181,500,-0.787155939631708,-0.520196590452766,0.138990202488773,0.313068892190253,-0.289525339275465,-0.0996959595355124,0.369531097228997,0.55909845690357,-0.472098305685906,-0.293517068894562,0.154402532146894,0.280093844402236
"Gold",12,-0.0730359662926134,-0.0623629238824126,0.0106730424102007,163,180,500,-0.609182460326941,-0.356111750259303,0.319218804164281,0.548681046435082,-0.495642083520188,-0.301048112591629,0.175697999140827,0.383439743529442,-0.491823546846307,-0.31907619571166,0.181218675657153,0.335526827789996
"Gold",13,0.0133878856368685,-0.263251942364803,-0.276639828001672,163,179,500,-0.96541156946757,-0.708800751931637,0.0721954988469774,0.270812799097816,-0.384589618957741,-0.212334239262697,0.304702531546728,0.499041233292927,-0.772826693636298,-0.549984456526234,0.0137521672714308,0.177847851162266
"Gold",14,0.0531832487778766,-0.281175177903418,-0.334358426681294,163,178,500,-1.07081716928174,-0.794647717703228,0.0217627705823682,0.274197739179452,-0.375730749114648,-0.171293320764044,0.353497732740381,0.519529774326678,-0.79124415196809,-0.576808669511132,-0.00452955253890901,0.181047623359186
"Gold",15,0.0830350484628584,-0.234552878973248,-0.317587927436107,163,177,500,-1.07554058658609,-0.792698122178844,0.0828618738357042,0.403417828728299,-0.427629745769738,-0.19092409118333,0.366287506089608,0.52136866433673,-0.837371579218419,-0.572286099344232,0.0581940828326115,0.254227919712742
"Gold",16,0.000515700111464338,-0.241518880838343,-0.242034580949807,163,176,500,-1.02045736117694,-0.723589504002106,0.207827103556172,0.469855800685456,-0.581409504935082,-0.311401463140207,0.299122126366208,0.458044255023103,-0.810750389485411,-0.567962327934638,0.0867770105212655,0.272235300292448
"Gold",17,0.124764043840332,-0.309941031359735,-0.434705075200067,163,175,500,-1.23555364157458,-0.94287270135775,0.0220947661432389,0.288449756628457,-0.423024044071405,-0.201997504397106,0.433447962168732,0.64330905788429,-0.884715081935752,-0.657917723401153,-0.0037577522553044,0.17689755481732
"Gold",18,0.216001541697768,-0.293139851839584,-0.509141393537352,163,174,500,-1.35816733868948,-1.02860525631341,-0.0441326331006116,0.233095330922163,-0.383445959562369,-0.118114725793209,0.546340848600421,0.714514271924638,-0.91649075535704,-0.674991681618677,0.0327633715759943,0.233383528915645
"Gold",19,0.278759772849901,-0.293202418205125,-0.571962191055026,163,173,500,-1.42938808221439,-1.1452234075566,-0.156907374366688,0.148734056656728,-0.289594294866628,-0.0212492614476522,0.616685157869797,0.785766336711791,-0.962203180181873,-0.717549891146499,0.0241398424053073,0.213817515063471
"Gold",20,0.117681248708208,-0.285883345704264,-0.403564594412472,163,172,500,-1.34623369242898,-1.00484377962706,0.0813847038152357,0.404155972276196,-0.477678916208746,-0.225164754315384,0.506179663362921,0.715611723615497,-0.931573450570752,-0.700281741367364,0.0791520425327479,0.324283979762636
"Gold",21,0.207234950745266,-0.30829543582057,-0.515530386565836,163,171,500,-1.47193370919553,-1.09673694859406,-0.00874340132424113,0.32081615554812,-0.35337967245726,-0.114937443386476,0.619401312867679,0.776901483215481,-1.00719795419474,-0.747176322774618,0.0985860655734233,0.358048362445523
"Gold",22,0.234173180401294,-0.225505697575118,-0.459678877976412,163,170,500,-1.40531850632374,-1.09888571538924,0.0653620950426135,0.436305322319209,-0.386949702797991,-0.147266875503871,0.621201380863051,0.824581110083575,-0.930922648364278,-0.661083399632118,0.18112264572544,0.43970715274088
"Gold",23,0.2711897615664,-0.335827672941818,-0.607017434508218,163,169,500,-1.60918342242311,-1.24282013123284,-0.0630639250701871,0.326350637801106,-0.421056172517157,-0.103180272538825,0.682128752356553,0.874974176287314,-1.06337482193956,-0.787851033385105,0.0648859683144786,0.335837766515365
"Gold",24,0.246966284373118,-0.403166461128124,-0.650132745501242,163,168,500,-1.65477952883235,-1.29603910323406,-0.0447817612919574,0.378465474914606,-0.47741333734193,-0.170248813780012,0.654013571821477,0.856212228545073,-1.13817725418697,-0.853273449064953,0.0260502817291526,0.292133023918538
"Oil",0,0.100224914705133,0.362354066136817,0.262129151431684,163,190,500,-0.316003449992787,-0.161179733295947,0.470814881960724,0.646551373929581,-0.182204544782628,-0.0798308003471077,0.272749851770027,0.404925105548327,-0.100324566596898,0.0111776106458212,0.518810451025207,0.664745571240164
"Oil",1,0.447775612375981,0.515296515210074,0.0675209028340931,163,190,500,-0.845895682235241,-0.53612698489807,0.366493226684383,0.732369793476307,-0.00144791335001359,0.181139409748519,0.769977051383286,1.05284528554562,-0.0913119952034586,0.0304742203333894,0.758129082069519,0.941152617911059
"Oil",2,0.542392616676944,0.327385744636896,-0.215006872040048,163,190,500,-0.972720204877111,-0.714026344182977,0.0745442635401722,0.312056337322939,0.137754020098377,0.271723462484229,0.878294389001908,1.11249533952321,-0.180564280474564,0.00890768084748464,0.518660789084139,0.668697584945726
"Oil",3,0.24361806314969,0.253317470253972,0.00969940710428174,163,189,500,-0.692621187486316,-0.453146016929452,0.375156881188323,0.649183057546988,-0.302890789374658,-0.10013642793316,0.553685367038706,0.76437579295703,-0.245115787731019,-0.0607340952392096,0.456847331766911,0.591385657196817
"Oil",4,0.224782364443198,0.369656224933179,0.144873860489981,163,188,500,-0.655556573076288,-0.393982059996852,0.486723583244465,0.819192505486957,-0.405953221237664,-0.15393575641839,0.542695521405233,0.769717480496979,-0.239025116076661,-0.0451459493703481,0.530087843899723,0.704084701200419
"Oil",5,0.274858655684856,0.272775135586244,-0.0020835200986119,163,187,500,-0.882732489566898,-0.599211228369949,0.459322662739308,0.877553372923649,-0.547309490346434,-0.181119645803665,0.654815926701519,0.953177482779866,-0.306686470208877,-0.117822080962395,0.469558250125262,0.675954662636301
"Oil",6,0.715572231065612,-0.0130844005470916,-0.728656631612704,163,186,500,-1.82713802513616,-1.45086652213478,-0.185259831153589,0.261055640073955,-0.209559670486131,0.174377914382816,1.1576010175637,1.44740269412759,-0.799508476961384,-0.533813276900662,0.263412690502511,0.489843737264377
"Oil",7,0.698585801070891,0.202596518333902,-0.495989282736989,163,185,500,-1.64697793970123,-1.24214152533037,0.132844176724931,0.640902076229326,-0.421338438354689,0.0710477956820134,1.15801467750428,1.54423984831785,-0.565358133653912,-0.276878384991736,0.471231268052212,0.669241612753492
"Oil",8,0.893393062627321,-0.0273810272644929,-0.920774089891814,163,184,500,-2.13324491528652,-1.72025270426767,-0.335445882383028,0.269406573449388,-0.166672817005887,0.253871122009301,1.42457616571285,1.74241780302406,-0.959845975957976,-0.581943935455471,0.288374388754419,0.506201676267598
"Oil",9,0.811250059176493,0.273070888216703,-0.538179170959791,163,183,500,-1.9271318350433,-1.36416320917045,0.257638054072358,0.897961684241475,-0.379313483547691,0.100131864876317,1.37771810320383,1.73882352033077,-0.815647224157112,-0.42633749806562,0.725406492831262,1.130245648403
"Oil",10,0.619442160135588,0.2573199788338,-0.362122181301788,163,182,500,-1.7543594742842,-1.14412742145775,0.351787353143103,0.873486448345447,-0.376429420689452,0.0269078748845963,1.19119919618368,1.56022619956241,-0.707364227504101,-0.347433373297014,0.681152737043481,1.13158460138975
"Oil",11,0.472229318285893,0.048308724552893,-0.423920593733,163,181,500,-1.73146636839606,-1.1408857633429,0.197237565502462,0.787743267855627,-0.576537559787671,-0.170285746402454,1.0789227330543,1.52851480419889,-0.711909497364272,-0.428538579018826,0.401459500910907,0.663588012664151
"Oil",12,0.577104072948542,0.13151830713385,-0.445585765814691,163,180,500,-1.68510825538477,-1.20190549418397,0.204039577270783,0.695848116195777,-0.587073566403524,-0.0533738459208498,1.2577841746632,1.67543741444949,-0.540189863119353,-0.27596506031908,0.444935112276865,0.689522774334737
"Oil",13,0.855485223004716,0.233235846694805,-0.622249376309911,163,179,500,-1.89979123194769,-1.44874332163401,0.0453572491844331,0.540378412570893,-0.209642715554449,0.226660121821044,1.57591646536235,1.939846793996,-0.435058151779443,-0.213477834963579,0.570703276866575,0.88842042129176
"Oil",14,0.536994692105239,0.130387014106517,-0.406607677998722,163,178,500,-1.67282286572235,-1.27201739168312,0.3078831071374,0.875974996899372,-0.622809739157102,-0.0993765411758145,1.2938575780687,1.70123409373609,-0.549295904998702,-0.268370877447583,0.467295659398741,0.826450946586254
"Oil",15,0.753834900087705,-0.129542508316785,-0.883377408404491,163,177,500,-2.32125943520074,-1.7317296221657,-0.0437257524715726,0.498915057751021,-0.586983337508878,-0.00330829626671657,1.5371376965538,2.03498951094352,-0.784729929503793,-0.523186088440344,0.230070126254282,0.554197068432923
"Oil",16,0.630543833753231,0.0480206705253478,-0.582523163227883,163,176,500,-2.05399962840563,-1.41572911881984,0.213920936705682,0.761140217738574,-0.593337243805697,-0.107441884208541,1.39228186411815,2.00774096115071,-0.595854160455319,-0.337022174055371,0.452141418542356,0.73307897298884
"Oil",17,0.612557714816969,0.091893451875016,-0.520664262941953,163,175,500,-1.99907757098294,-1.43117658522065,0.249740531395966,0.803761315295992,-0.613551369187929,-0.148669974304691,1.38917058847725,1.99520125917367,-0.547958897014554,-0.282935907410495,0.474026275374035,0.703870055774584
"Oil",18,1.07920217343327,0.0733366824145968,-1.00586549101867,163,174,500,-2.44286784614425,-1.82236273110954,-0.242201605464686,0.342849354684121,-0.0468190607605356,0.360282406103784,1.79783721499275,2.35436300122847,-0.579428343342116,-0.292439744984925,0.478911868507062,0.730247290716623
"Oil",19,1.32580189873518,0.000455867475131938,-1.32534603126005,163,173,500,-2.77967585653266,-2.21339936812684,-0.559846848171824,-0.0582109811362121,0.169922381424718,0.613171388481888,2.08663699649001,2.62925677218645,-0.689951890041668,-0.423344260905332,0.424354369858003,0.711116928391225
"Oil",20,0.919184272348848,-0.0257175242302466,-0.944901796579094,163,172,500,-2.46204420848483,-1.88207596830437,-0.157254677479576,0.272603748411478,-0.249378865517922,0.182794828487321,1.70681984043939,2.17896840044353,-0.770108034847912,-0.524090429329822,0.368713307874418,0.667782751118558
"Oil",21,0.846791017935175,-0.0170922231333452,-0.86388324106852,163,171,500,-2.32939544137147,-1.64846945269935,0.0527596456035907,0.414119544930888,-0.292272708103777,0.106365542477007,1.60402330994089,2.03314452575294,-0.741429489730424,-0.469457533285629,0.504866346239121,0.819047844122281
"Oil",22,0.589804723777652,-0.262105156920854,-0.851909880698506,163,170,500,-2.38598167337549,-1.67765392610117,0.161517736930238,0.568884089935819,-0.701836465055461,-0.216281924944455,1.39624761764,1.84563024634292,-1.01634493187676,-0.740980843731326,0.263955423646569,0.578925737853079
"Oil",23,0.833393359753399,-0.369512962279683,-1.20290632203308,163,169,500,-2.50046330205013,-1.93841381015203,-0.192201238294294,0.289052821033493,-0.513693024943439,0.0330986355059399,1.59375074323617,2.00671399199543,-1.04758842054905,-0.789676857771311,0.158742579693896,0.501176468764165
"Oil",24,0.911444370576828,-0.404489097747849,-1.31593346832468,163,168,500,-2.5841574141731,-2.04046988652453,-0.141506626563317,0.433066611656464,-0.646190424531119,0.0476468247280196,1.59352991313881,2.06957959520243,-1.14478947201974,-0.796909924296563,0.213509535198416,0.590908430688782
"Soybeans",0,-0.0450088572373012,0.0127560843559665,0.0577649415932677,151,190,500,-0.310583183608958,-0.164331185310335,0.226352698001819,0.335736939160195,-0.317443135988744,-0.194536783830617,0.118559639374469,0.247351272626293,-0.17793484352794,-0.108570268725413,0.0998161717005708,0.174266879555895
"Soybeans",1,0.0280764983490831,0.24502221527361,0.216945716924527,151,190,500,-0.424676222011664,-0.134209576170806,0.426296903257325,0.586398185986979,-0.292726841968762,-0.171306171267517,0.317317790082968,0.57625117872214,-0.0120786177468508,0.081239363125901,0.353394792930842,0.443026994676707
"Soybeans",2,-0.066671263821112,0.253942793072136,0.320614056893248,151,190,500,-0.440940987589221,-0.139646323171121,0.585639613489813,0.775085700796195,-0.484615328840139,-0.30107990190634,0.278806045520008,0.60129665325485,-0.0741440912446001,0.0427426948443306,0.391863435225332,0.492735289868598
"Soybeans",3,-0.0776501100487588,0.243098977463729,0.320749087512488,151,189,500,-0.617115136554185,-0.254801433382922,0.651233112042102,0.94139558030604,-0.604380431985945,-0.409950775081474,0.399375213353024,0.775333339255001,-0.127497545257794,-0.00945554755278369,0.408817315929227,0.538000601559464
"Soybeans",4,0.0234907023301783,0.275229144483673,0.251738442153495,151,188,500,-0.672355932518421,-0.347364904084419,0.645890421294673,0.92861414846853,-0.653904181143982,-0.371560344015757,0.518179940678149,0.902493964008731,-0.0972745629206437,0.0205912738711833,0.438458354268583,0.533222908832947
"Soybeans",5,-0.291589308363925,0.252736568777079,0.544325877141004,151,187,500,-0.28748160361535,-0.0258956039120209,1.06434023595515,1.46371942611124,-1.2318795767403,-0.770667940241044,0.202963018207768,0.515361907556153,-0.0889337409003264,0.0353335963403121,0.40899154039332,0.52516199843765
"Soybeans",6,-0.235566761831246,0.101644389613459,0.337211151444705,151,186,500,-0.459700467057424,-0.163015293434333,0.902134838872986,1.28788233209097,-1.20398450270497,-0.790249448617506,0.186313414507985,0.461573961732659,-0.245020241151858,-0.103098152569909,0.296344713000247,0.445553981668761
"Soybeans",7,-0.179905922221027,0.0334951007632844,0.213401022984311,151,185,500,-0.648187635709909,-0.296677013503168,0.794671619953053,1.22793278786441,-1.13672942427012,-0.697663608971787,0.276383818149841,0.659928447759055,-0.33526610397854,-0.174424613162976,0.262641871489355,0.413318614344477
"Soybeans",8,-0.162575695039676,-0.0819199997767164,0.0806556952629601,151,184,500,-0.860493320260471,-0.436305792982192,0.826817634717424,1.27485446611838,-1.3414940399089,-0.805104896179568,0.360947659359513,0.767194456061061,-0.483654518241472,-0.289754692564522,0.179021957419336,0.377935068085546
"Soybeans",9,-0.124640395001882,-0.123082267766451,0.0015581272354309,151,183,500,-1.09746991032682,-0.66863445672798,0.767215211208905,1.33590398566795,-1.37586652772439,-0.806674929719754,0.52191389160757,0.990558348619735,-0.524189626902652,-0.326381448577061,0.179013213451482,0.345233756481206
"Soybeans",10,-0.146482547817516,-0.0285598998022726,0.117922648015244,151,182,500,-0.911079558498601,-0.466238233830567,0.881931258827068,1.44598349305717,-1.37885851750318,-0.798093069345382,0.429209687012626,0.836230427793044,-0.470760897227068,-0.284551945733118,0.30948601500901,0.492357841037893
"Soybeans",11,-0.215236199953419,0.00650173535560246,0.221737935309021,151,181,500,-0.774223913715781,-0.316165961963458,0.947295626101812,1.33682368435232,-1.22413224174553,-0.801961955723372,0.344150516485864,0.716100326736262,-0.454332238618582,-0.252016001464492,0.356120204249949,0.557042620287859
"Soybeans",12,0.0928121130699756,-0.0199097085460638,-0.112721821616039,151,180,500,-1.0085775587987,-0.669627982836024,0.550282595735276,0.951955841200473,-0.857614350937175,-0.463403376592117,0.609202701896235,0.887659845040869,-0.439770733094209,-0.275306591475544,0.314144829490582,0.513339272002126
"Soybeans",13,-0.196196358252079,-0.17796327569956,0.0182330825525185,151,179,500,-0.898502879567656,-0.554667050748944,0.642915220953474,1.07061533143144,-1.10379976232821,-0.728755523363201,0.28790361870793,0.612032778925772,-0.643698657580377,-0.452747855698932,0.171827170224215,0.361684301442216
"Soybeans",14,-0.132631842845603,-0.063575645380386,0.0690561974652165,151,178,500,-0.827822602407101,-0.525350476239731,0.717022241857572,1.11122925801572,-1.00109098750193,-0.684974198107879,0.362332218459009,0.704473483348414,-0.532536202204839,-0.359610713001311,0.280775763890637,0.457500292449902
"Soybeans",15,-0.2372586182524,-0.00752541487266868,0.229733203379731,151,177,500,-0.753168548027697,-0.380055511935424,0.873416217256155,1.31753271421854,-1.145351393394,-0.752714847090787,0.294855587728344,0.623196687605436,-0.494715928251888,-0.301488330218723,0.343379993233922,0.561969891960273
"Soybeans",16,-0.353163121611374,-0.00199452757152372,0.35116859403985,151,176,500,-0.570488095377143,-0.154623643252483,1.02519930459882,1.56976344072844,-1.33865999316067,-0.883278729742666,0.156090327850626,0.406896979304012,-0.49754275758459,-0.29916711202155,0.38698295878061,0.655593494778479
"Soybeans",17,-0.308348103819691,0.0273324687974358,0.335680572617127,151,175,500,-0.596341845417928,-0.211169639214069,1.05638326982166,1.54768270354027,-1.27917155040873,-0.827948736093753,0.188120246677041,0.487196177545335,-0.527279968604209,-0.31549027745126,0.472715859076699,0.743883869914458
"Soybeans",18,-0.251928254234859,0.0137926262360657,0.265720880470925,151,174,500,-0.67679399185474,-0.282198997040889,0.951500806135383,1.46292237949005,-1.15106716584157,-0.7800118977696,0.206069538132489,0.537679088877875,-0.596691713490232,-0.36538262229112,0.507690763998676,0.771828266229266
"Soybeans",19,-0.208403008956166,0.168052048183611,0.376455057139777,151,173,500,-0.642992217244361,-0.224727758571632,1.07435148428471,1.58555081559977,-1.18641152383626,-0.75852493052436,0.359894729028958,0.693554715120357,-0.491366913944127,-0.248561423847686,0.694147263948494,1.0152641639546
"Soybeans",20,0.208381195396357,0.0243950374763398,-0.183986157920017,151,172,500,-1.29729572159622,-0.884074592332189,0.630282422684659,1.09994708328617,-0.878204188655697,-0.407678661800706,0.862789578483347,1.23539331405782,-0.655427609097917,-0.408372766495749,0.559471745666545,0.881447244597455
"Soybeans",21,0.155963204468824,0.0671239876068347,-0.0888392168619892,151,171,500,-1.17656661122085,-0.797885692188326,0.761059211086904,1.28862180533028,-0.932123559504457,-0.567829146315032,0.808316581323454,1.17057460349954,-0.621139872422523,-0.346609472069138,0.614994279512391,1.00295912249646
"Soybeans",22,-0.0657082537163906,-0.242255748134765,-0.176547494418375,151,170,500,-1.35257734945524,-0.839187072408561,0.677450064233672,1.20391405151144,-1.21087509127892,-0.766710392120618,0.542901421141711,0.931999883989183,-0.984681477697945,-0.676337798695039,0.326773272180573,0.626204925398467
"Soybeans",23,0.0810699278947783,-0.447807483202475,-0.528877411097253,151,169,500,-1.62025498292452,-1.14808158143762,0.336014211698045,0.87176589562502,-1.0087283095419,-0.529863426712865,0.651134687277476,0.966882737096972,-1.09069276398255,-0.845971926291694,0.136523118792657,0.439468780765079
"Soybeans",24,-0.0686029833299616,-0.289369251033103,-0.220766267703142,151,168,500,-1.31100630673265,-0.879103675197315,0.627328591625217,1.101637119032,-1.14728428490755,-0.65128050557289,0.486495356155744,0.853135924853195,-0.937026326739508,-0.682112952341423,0.253742042421933,0.622383777520297
"Wheat",0,-0.190711370457633,-0.0592918461229857,0.131419524334647,163,190,500,-0.193198595512306,-0.0613817559945185,0.312755090432043,0.438671273699083,-0.43256745748219,-0.331848099523544,-0.0376592605890328,0.104257986634262,-0.248293716508489,-0.173341835503081,0.0528684979523199,0.122965090657692
"Wheat",1,0.252063336117889,0.217455381610583,-0.0346079545073066,163,190,500,-0.587993683082875,-0.360101711948078,0.150271976447529,0.283880331567496,0.001496032712216,0.0729638937088019,0.518178760736505,0.730934599241451,-0.0380744591544585,0.0563050935285244,0.330757243744832,0.419672207610839
"Wheat",2,0.297455558836721,0.197229196238528,-0.100226362598194,163,190,500,-0.574515754066146,-0.388750148425183,0.129497487508997,0.366423933510729,-0.110297796199054,0.0581556301936283,0.510396824247167,0.68773175357106,-0.0745567092599536,0.0294295236930755,0.318798140361143,0.415537617512181
"Wheat",3,0.0405206549218053,0.162433814654181,0.121913159732376,163,189,500,-0.421981057332862,-0.212127928948148,0.368106220656205,0.574012036872881,-0.356872465629729,-0.190409494697658,0.288101823039634,0.540929133583976,-0.137711401809263,-0.0314176023429483,0.301210893993791,0.40911068322614
"Wheat",4,0.369912510116138,0.156990624616199,-0.212921885499938,163,188,500,-0.984919581244007,-0.655196977542014,0.0796286869819725,0.29803444774281,-0.057966065442194,0.102334010393312,0.752184813478262,1.12957013171493,-0.199289798211305,-0.0630520017981596,0.314584310964573,0.439781244947902
"Wheat",5,0.143012516896804,0.0878134476725466,-0.0551990692242576,163,187,500,-0.844568607148867,-0.557394551513809,0.339873891843444,0.658661843612301,-0.603139210657584,-0.278476707600526,0.563518317060117,0.904633180068543,-0.266300569757197,-0.140235341893884,0.228822853137904,0.359366771808178
"Wheat",6,0.0428883885245634,0.0828190712830845,0.0399306827585211,163,186,500,-0.692355798740584,-0.421324508770976,0.396978991869543,0.736543961173899,-0.627857273354807,-0.327576542107347,0.429366045126101,0.789701004897311,-0.222386533740109,-0.133122475454406,0.221263148851643,0.333721082343432
"Wheat",7,0.487701247706531,0.0755934634390521,-0.412107784267479,163,185,500,-1.20832397011243,-0.856739893515984,-0.0219578025346128,0.291725372649833,-0.147009693586647,0.113035202109832,0.898196027652523,1.23899063674649,-0.223827267551553,-0.108678639603306,0.254401563978229,0.374335487836002
"Wheat",8,0.528617093216137,0.148513485246089,-0.380103607970048,163,184,500,-1.19576430450558,-0.847354406999734,0.0639394432068092,0.46440829034636,-0.143449063851373,0.158364360264823,0.986597818450677,1.38627624390841,-0.167943745765316,-0.0280098311421299,0.392194288140499,0.547750455537483
"Wheat",9,0.254996215919813,0.00959227624190182,-0.245403939677911,163,183,500,-1.09765858239121,-0.730494686847587,0.265000400568363,0.705851513094718,-0.593475757463731,-0.186327970074217,0.749075340381826,1.12471331529911,-0.320001880301597,-0.190173777757811,0.2576151591602,0.401830034028453
"Wheat",10,0.413673267080096,0.0433008304632144,-0.370372436616882,163,182,500,-1.15945225828998,-0.88010298869057,0.198088222510724,0.65800693736237,-0.459295645808506,-0.0995513337600361,0.904510467264581,1.1404601369206,-0.302134602692586,-0.158379008536237,0.289703582800323,0.419649751406283
"Wheat",11,0.350204263432195,0.273262234248551,-0.0769420291836434,163,181,500,-1.00518747432733,-0.601881758367525,0.437045696535463,0.960271505674909,-0.568895507582461,-0.130503581582094,0.815270289678228,1.19692034547319,-0.0350402459539125,0.0886184963532492,0.449788745006541,0.593053154164744
"Wheat",12,0.485022360600648,0.30212826421714,-0.182894096383509,163,180,500,-1.05218647176009,-0.702311180719903,0.377498330768262,0.888830726334172,-0.563886572765165,-0.0803040898777799,0.91600271321538,1.24899035361807,-0.0632022374790705,0.100346027528031,0.460439216243386,0.597795617481255
"Wheat",13,0.771490374689623,0.106318848367403,-0.665171526322219,163,179,500,-1.68613295361938,-1.24171630792029,-0.106208939507646,0.29490022174552,-0.0920268466619446,0.270662290245285,1.31209409750525,1.66902391296949,-0.302569382773538,-0.115431701004906,0.331198982542471,0.519853202140215
"Wheat",14,0.619176409577732,0.215857415841163,-0.403318993736569,163,178,500,-1.49853593481486,-1.0134138985663,0.189749013753514,0.501020506587156,-0.201367833350371,0.145158701705962,1.18662686127011,1.60641905003343,-0.160544728092078,-0.00953040402692113,0.485499609932164,0.68161401930326
"Wheat",15,0.543107118486197,0.260132305518146,-0.282974812968051,163,177,500,-1.61141819023486,-0.959187092851155,0.325916523270479,0.677802278597208,-0.410012191344005,0.0459804203106273,1.20175954705279,1.64154725849561,-0.138145075425716,-0.00131931992373626,0.498437628505767,0.695766589641034
"Wheat",16,0.357031663948252,0.32214123837676,-0.034890425571492,163,176,500,-1.43444376863574,-0.782181828781322,0.587543109280221,0.909507571604614,-0.600186606263751,-0.181383285548571,1.06313000304999,1.59000473646533,-0.16424898914812,0.00015489993761809,0.595118107661404,0.798842377140218
"Wheat",17,0.316922191898569,0.329763501033811,0.0128413091352418,163,175,500,-1.53707214986482,-0.908743018538621,0.678479980001375,1.07995041419129,-0.693322297632259,-0.25892394825511,1.05999300004729,1.73755137309069,-0.224037941833575,0.0139126544864276,0.590421611183986,0.829299668690802
"Wheat",18,0.406211559506499,0.252097869044981,-0.154113690461518,163,174,500,-1.73229673342333,-1.08610030287065,0.570102943700221,0.94170356129521,-0.630760339999388,-0.249826565214331,1.19295928560984,1.94109752036113,-0.254110470638164,-0.0655507016983133,0.5190492357024,0.742037683937806
"Wheat",19,0.532217914462538,0.20533786360644,-0.326880050856098,163,173,500,-1.86699165215778,-1.17824514741526,0.42424465607233,0.767506577135442,-0.542693545525581,-0.0934821887984414,1.30583415989594,1.99103015995242,-0.338664517534012,-0.132639868472798,0.557937614014228,0.835456293966225
"Wheat",20,0.717223997913661,0.176073995659606,-0.541150002254055,163,172,500,-1.88482902666186,-1.28877585638589,0.168652169733793,0.605673191302644,-0.309458532592919,0.0845241544900368,1.39582592488954,1.85441468273941,-0.399906238939244,-0.184812610451793,0.516033271473012,0.775906887537112
"Wheat",21,0.872198517588229,0.169174950593465,-0.703023566994764,163,171,500,-2.12507047439809,-1.51445072874481,0.0700725385812775,0.599162915772884,-0.286559883807362,0.188788223172006,1.59570374863487,2.07070339331722,-0.418430978163554,-0.178870699338738,0.476550708860731,0.728310712496661
"Wheat",22,1.0536937092289,-0.116741508083452,-1.17043521731235,163,170,500,-2.58055863076189,-2.02093161119107,-0.486569821212369,0.10035270771208,-0.149120955950582,0.339386427476125,1.7169623754352,2.18046362946836,-0.821850669815856,-0.540457173589697,0.177268643511528,0.418982503789911
"Wheat",23,1.48102424805562,-0.182287551832208,-1.66331179988783,163,169,500,-3.02518421133716,-2.45483135778677,-0.847170748914305,-0.2097124460544,0.233330572115489,0.764449262698157,2.15208337673468,2.62202095157491,-0.750456105646565,-0.529525194196918,0.164070567439254,0.413853867760004
"Wheat",24,1.4070176734355,-0.0465667282887105,-1.45358440172421,163,168,500,-2.67892934102283,-2.13573026377678,-0.563835546593933,0.0384815752260562,0.113559395556575,0.715797073996537,2.0269991605029,2.53254433109979,-0.603794608375212,-0.386441751282173,0.373215246345121,0.690347108274115
