"commodity","horizon","beta_pre","beta_post","beta_diff","nobs","nvalid","lower_diff90","lower_diff68","upper_diff68","upper_diff90","lower_pre90","lower_pre68","upper_pre68","upper_pre90","lower_post90","lower_post68","upper_post68","upper_post90"
"Coffee",0,0.0426743756172484,-0.136098822881958,-0.178773198499206,271,500,-0.263586316893556,-0.201926626345916,-0.0506049616094306,0.0010892726752051,-0.0829521295662445,-0.0431002935781946,0.0573372633111679,0.0902533017966789,-0.220100533447123,-0.181192905282839,-0.0670871028183353,-0.0231900611368024
"Coffee",1,0.0410991330105558,-0.0394169886577186,-0.0805161216682744,271,500,-0.250349059491697,-0.154159355832835,0.0502850078674369,0.12397992957021,-0.099289779551602,-0.0462075793734783,0.0952885088051521,0.157824176705145,-0.168649185923859,-0.0936543127208522,0.0430499610422035,0.0766571425703186
"Coffee",2,0.0676378840698864,0.0413628304098709,-0.0262750536600155,271,500,-0.227590270421657,-0.118547228061834,0.108454705563791,0.18478135569754,-0.0938620362986433,-0.0264749678046825,0.127351328521445,0.18549392458333,-0.111892757065913,-0.0533585399235909,0.130328362212729,0.180703872248183
"Coffee",3,0.0518511122282206,-0.019642550016376,-0.0714936622445966,271,500,-0.266103717617559,-0.173376672829483,0.0871456928475968,0.183350240116478,-0.163695451016429,-0.0749514322308894,0.101620778852714,0.147054198440201,-0.211998932210111,-0.148606845141362,0.077143638775892,0.142193511611145
"Coffee",4,0.00979181107750737,-0.0848060430634539,-0.0945978541409612,271,500,-0.291796401882599,-0.187177932872226,0.119866360310324,0.242038994170108,-0.248869521081429,-0.146667752837245,0.0699349836006855,0.1180042605663,-0.272321880908048,-0.193544273107566,0.0481663082819477,0.119993824609891
"Coffee",5,0.00571732405790691,0.0116338469602329,0.00591652290232595,271,500,-0.225091033208852,-0.127689840761917,0.242649140026782,0.425208358080331,-0.317000653287962,-0.177921816085946,0.0868973887285499,0.143948158043897,-0.215950341836283,-0.139022109466889,0.166446701673396,0.258171871330115
"Coffee",6,-0.00170253725471222,-0.103779876281299,-0.102077339026587,271,500,-0.323447932375438,-0.213440876588546,0.16399504083057,0.334028409622857,-0.319928997134666,-0.180394265828393,0.098041062177303,0.153827919992312,-0.328115851797018,-0.219181330636063,0.0892260591412647,0.189933191608013
"Coffee",7,-0.0267832701377258,-0.0679038028232985,-0.0411205326855727,271,500,-0.272839914169102,-0.166799287098673,0.284749497454991,0.475163072189465,-0.440364720455981,-0.269602822694645,0.0927714464095434,0.152786207398674,-0.298206065013742,-0.177983802934081,0.128465180616047,0.223516545456053
"Coffee",8,-0.0605279217607252,-0.208165605160006,-0.147637683399281,271,500,-0.393605624257708,-0.277077309451112,0.165466253607265,0.364218539882756,-0.46386039810068,-0.274882980637457,0.0564987582395707,0.119190732543609,-0.432309149587194,-0.314480809429147,-0.00656654651122386,0.102668891523698
"Coffee",9,0.0246828614965055,-0.363726283735333,-0.388409145231839,271,500,-0.649943994029265,-0.531939019190513,-0.0975913116616216,0.0614399101392732,-0.295761351863738,-0.15735389879086,0.122967876990847,0.193989082569675,-0.612050500014682,-0.484522752635217,-0.159194866547078,-0.0541811449613407
"Coffee",10,-0.0206988979771537,-0.281810405510696,-0.261111507533542,271,500,-0.511225553856487,-0.398689319321183,0.0731798807993992,0.243475976445405,-0.409711109198657,-0.221903181470829,0.0823732523413944,0.140532001395109,-0.510602074168369,-0.400606739309805,-0.0573115004051712,0.0535017073284314
"Coffee",11,-0.108013884273714,-0.321637997319547,-0.213624113045832,271,500,-0.512471658427397,-0.371109955333771,0.11817458486741,0.289008713984651,-0.43464283651614,-0.279634925743894,0.0116124509510763,0.111884528761103,-0.619160121076125,-0.464176211750618,-0.0707801205618002,0.054635099869156
"Coffee",12,-0.115811423370775,-0.283097325306326,-0.167285901935551,271,500,-0.510576727840958,-0.331876604084083,0.20732038515893,0.394745049743792,-0.511663733023027,-0.335124320601889,0.0104084608321386,0.0769044347271991,-0.597703058582612,-0.457497844091045,-0.012275865703512,0.108212814149782
"Coffee",13,-0.223266776916863,-0.370309251077843,-0.14704247416098,271,500,-0.553494844660863,-0.354048160806829,0.250738931525959,0.458858946026779,-0.672413448374449,-0.470202715529696,-0.0793464237327193,-0.00702587883941192,-0.751701300587481,-0.550402799793713,-0.0661961383631649,0.0727479320068792
"Coffee",14,-0.156124172475577,-0.373323032765928,-0.217198860290351,271,500,-0.643827412052502,-0.415249242064589,0.247531827074431,0.516023208240018,-0.693810776778571,-0.459008903822048,-0.0102743358888702,0.0654539558880586,-0.777781817566373,-0.584356207729577,-0.0421748864719045,0.126930487832716
"Coffee",15,-0.125797788834012,-0.250529270449521,-0.124731481615509,271,500,-0.589170428637863,-0.342306875888679,0.334344515168537,0.561771147856757,-0.648109590255215,-0.408103717588629,0.0171306786917512,0.0988272405443058,-0.687653918486243,-0.492213986790199,0.0622222266094895,0.228352326979142
"Coffee",16,-0.165073088972811,-0.346776807854927,-0.181703718882116,271,500,-0.690702200157823,-0.411849201407384,0.251895885710372,0.507943781055169,-0.662529211960236,-0.444271817100256,-0.0180866013590936,0.0495509670824345,-0.844160618527666,-0.614593640771668,-0.0239197977080466,0.156892011144149
"Coffee",17,-0.159115556336918,-0.365120725556811,-0.206005169219893,271,500,-0.696182939241095,-0.429880004297928,0.251400333047043,0.536222767003569,-0.650637449868635,-0.431067142882417,-0.0120193583896183,0.0916741883505277,-0.793937863106942,-0.601781814274088,-0.0229402667278009,0.168509726972017
"Coffee",18,-0.257595694991294,-0.417410101171789,-0.159814406180495,271,500,-0.605366397791553,-0.357813735998833,0.31335246188763,0.578105302253489,-0.761389028422356,-0.511996166667534,-0.12897330680098,0.000523087830615977,-0.832383152714996,-0.611113676663053,-0.0925668064723234,0.115758314028892
"Coffee",19,-0.288869669658329,-0.285525426952509,0.00334424270582031,271,500,-0.465248288560357,-0.220719018354402,0.46588267441565,0.706212594274799,-0.749284779263833,-0.537692279246962,-0.14186852440595,-0.0230685827971317,-0.695911959395778,-0.510080672771916,0.0371314368305819,0.282940362682436
"Coffee",20,-0.217670733002977,-0.445815170841574,-0.228144437838598,271,500,-0.775750099790054,-0.48783843346562,0.263338998916667,0.518540669869416,-0.712519724325963,-0.478101493072338,-0.0526054354538047,0.0746997040674054,-0.908237563041718,-0.694440352977611,-0.0817120344414803,0.170043857209667
"Coffee",21,-0.290239134600119,-0.412273851989277,-0.122034717389158,271,500,-0.65076923132879,-0.402682917722027,0.41253573923206,0.606386846602237,-0.796844621663754,-0.557220396998342,-0.105046390940161,0.0113882524524437,-0.883006273458973,-0.657846027700756,-0.0411820605381921,0.198551159728391
"Coffee",22,-0.28302783981092,-0.424990717558899,-0.141962877747979,271,500,-0.704066086637802,-0.454806745990938,0.420794760814111,0.677669175464774,-0.842965995896205,-0.583077837727697,-0.0706034152107362,0.0665182616037434,-0.942861866432161,-0.67835885367383,0.00521226197015166,0.222984123512955
"Coffee",23,-0.24843429020311,-0.419008732368769,-0.17057444216566,271,500,-0.745618027047055,-0.495372413110872,0.366717554389628,0.703288461884466,-0.772235344776646,-0.54775194522553,-0.0616882913380029,0.0492388700334288,-0.98454214485547,-0.695585411901041,-0.00126399111326957,0.257605088860357
"Coffee",24,-0.307293436119077,-0.28641795003137,0.0208754860877067,271,500,-0.549117951299463,-0.282883701420363,0.542184153901857,0.837003559265038,-0.769859656375344,-0.572862420541431,-0.128689878322538,-0.0117903939770465,-0.816064093799989,-0.572835148234105,0.13450667247693,0.37226545543482
"Copper",0,-0.0329816236367168,-0.00811959599631929,0.0248620276403975,275,500,-0.0846263484407296,-0.0359243195482889,0.0905112091850263,0.130446324467082,-0.112434149752477,-0.0808751385302555,-0.0196939098598885,-0.00190940485379235,-0.117959290380721,-0.0765956835820138,0.0332762730461134,0.0668357360252125
"Copper",1,0.0330811808396961,0.0912680710505607,0.0581868902108646,275,500,-0.0615691693538136,-0.0140843359583735,0.121479004262474,0.158667648706153,-0.0153072790038563,0.0017419398639195,0.0627304074599546,0.0838025967384267,-0.0225871565646571,0.0280678725577119,0.138759634115058,0.181748472023355
"Copper",2,0.0180434051016153,0.210182200046922,0.192138794945307,275,500,0.0539933742861572,0.101085619978764,0.266709956379259,0.327800953533321,-0.0828086804504407,-0.0431111899235775,0.0539986839341636,0.0861847858304615,0.080289839691485,0.133155251704877,0.259217318389733,0.302482290901419
"Copper",3,0.0251523207138803,0.135317161741746,0.110164841027866,275,500,-0.0216541230487557,0.0336071749741205,0.227312007846684,0.311183449704123,-0.110442227232387,-0.0611084955081118,0.0594216641462247,0.0862359820116315,0.0129632943272445,0.0602854514211421,0.207892159499856,0.261918039697252
"Copper",4,0.0369857991990359,0.0650125355241955,0.0280267363251596,275,500,-0.139333299866965,-0.0680452762440327,0.166940284961733,0.249391355127076,-0.106793086087989,-0.0478516087580936,0.0855692693103728,0.130256578800824,-0.074304705212803,-0.0207746709522323,0.163656605853337,0.223962090285739
"Copper",5,0.0542644723031355,-0.0274634507982384,-0.0817279231013739,275,500,-0.238352549664502,-0.160831038179048,0.0919793435956799,0.198192093008645,-0.118316922539069,-0.0495055231009187,0.101008825566763,0.14127784293659,-0.163046628165001,-0.100440984742404,0.095357671628034,0.165304997577926
"Copper",6,0.0568800858589668,-0.0910803639595204,-0.147960449818487,275,500,-0.320488989689435,-0.241181497140122,0.0284235920846935,0.132974535462372,-0.156279876593921,-0.0666965591265443,0.113721925764443,0.15849438940633,-0.230329942238067,-0.166872833616922,0.0189455873422943,0.0776156791482809
"Copper",7,0.0809999451860528,-0.0364925092011126,-0.117492454387165,275,500,-0.300294949403014,-0.206697950251886,0.0527509508810594,0.141865935935072,-0.0871776515256868,-0.0169478161288271,0.141652254642734,0.221447468564871,-0.163663049479826,-0.106236719919855,0.0902342206272818,0.146109506747414
"Copper",8,0.0960412714246377,-0.15060403973203,-0.246645311156668,275,500,-0.429574205131773,-0.31701229249868,-0.00509769976544685,0.106637362682752,-0.122234361058364,-0.0376797988069019,0.153901700341051,0.217551549852287,-0.282029412243851,-0.208602351459088,0.0117985709920132,0.0924081042859081
"Copper",9,0.0589357924807657,-0.143498284518734,-0.2024340769995,275,500,-0.392889369557637,-0.29658677655685,0.0183457677643118,0.159485229949075,-0.143696845411964,-0.071546961318755,0.137033938803085,0.215266374062002,-0.273909310778571,-0.224540779585209,0.0094293348354563,0.0913894099867029
"Copper",10,0.0146330893105262,-0.141417060115483,-0.156050149426009,275,500,-0.330147553332943,-0.238141934012925,0.071000289887437,0.207398839671217,-0.234630709482981,-0.113729222819619,0.0816873103844061,0.146151990122989,-0.295975384655693,-0.225140685722167,0.0244206928177902,0.101624855583603
"Copper",11,0.0374451867316732,-0.034372318986933,-0.0718175057186062,275,500,-0.320803583091347,-0.188946357511675,0.146574439404839,0.311158988055575,-0.227669478926969,-0.116582590571992,0.128488461595511,0.21620859056624,-0.199379103711037,-0.126182806514988,0.103494461592535,0.189470301021292
"Copper",12,0.04107622223589,0.0153384415474083,-0.0257377806884817,275,500,-0.275527233130836,-0.149139514667637,0.185198570942795,0.313767969019337,-0.213896798499304,-0.0965203189272726,0.131219545139903,0.23238342551325,-0.153026694618652,-0.0826073444194224,0.146444950794635,0.212633792195719
"Copper",13,0.0267192351733148,-0.0648536669304359,-0.0915729021037507,275,500,-0.342253087848994,-0.219095811462125,0.121863344309843,0.257203529974986,-0.229077216267869,-0.1148310335287,0.134448937572864,0.240883249681157,-0.236072903469443,-0.158283428780257,0.0804026576468363,0.17470673200387
"Copper",14,0.00984719488186942,-0.146273022503858,-0.156120217385728,275,500,-0.427194196090194,-0.283790486988279,0.0913588822690425,0.253620507260958,-0.294112823629513,-0.159060351298232,0.121364434813637,0.238960328899982,-0.351844466590864,-0.249334197844864,0.0244134392356118,0.124847040930894
"Copper",15,0.0544421921633996,-0.164392928684449,-0.218835120847848,275,500,-0.496350274224016,-0.366584223183796,0.0444802170667879,0.221385516046329,-0.282093559774902,-0.109824113869216,0.175221245504578,0.273575723206415,-0.365110737046303,-0.276857418590234,0.0143039111893742,0.121609999669788
"Copper",16,0.0180779499875231,-0.160850902080981,-0.178928852068504,275,500,-0.426097747268791,-0.300433351530189,0.111611042141809,0.309210263601711,-0.30688450847956,-0.155406717462125,0.119328912678617,0.220596939037829,-0.363822221180595,-0.267344376369333,0.045945379231346,0.181993669347476
"Copper",17,0.0360982944810207,-0.164004590600095,-0.200102885081115,275,500,-0.465559356519739,-0.338474194432325,0.110327196092634,0.290392613093612,-0.331462233088699,-0.159592804171087,0.139455802651555,0.222916944749256,-0.394661997623538,-0.288315269765157,0.0528263185924319,0.192973213992558
"Copper",18,0.0353480493944154,-0.193381882843481,-0.228729932237897,275,500,-0.516058862525412,-0.33293210991146,0.112180206993525,0.286622647357417,-0.309201942392896,-0.153356539273613,0.14056689261844,0.241346593532308,-0.409687588547149,-0.292399732130411,0.0480609949294469,0.192172496214947
"Copper",19,0.0105864922597867,-0.212158111036071,-0.222744603295857,275,500,-0.481984862223534,-0.320174149428343,0.160244941795947,0.338061790884487,-0.33721538952234,-0.195525305038759,0.106713253440104,0.201379034188514,-0.43919307038569,-0.324514751234546,0.052026817073054,0.221031701805893
"Copper",20,0.0410609967371672,-0.260121780576814,-0.301182777313981,275,500,-0.583401471783667,-0.400691271702564,0.0785797614236621,0.27872379301642,-0.33077036751239,-0.173873990606812,0.135564873354738,0.238295660279324,-0.49441568613174,-0.390656078043076,0.020775687239698,0.16136911989654
"Copper",21,-0.023433189179784,-0.214358863765485,-0.190925674585701,275,500,-0.497550292042824,-0.314472823945277,0.214148964711049,0.383889640524477,-0.403798134952141,-0.223939768003112,0.0808934509715781,0.174711973300744,-0.486733860899938,-0.352184350912116,0.0769326064208522,0.234811667297089
"Copper",22,-0.0393306498410357,-0.313469870161002,-0.274139220319966,275,500,-0.586370057982287,-0.394889308496374,0.116264383024915,0.312705398367319,-0.445489184950747,-0.267602307109344,0.0566539739529256,0.147512675560312,-0.627339409728529,-0.475734297490416,-0.0321479815008769,0.112035962154148
"Copper",23,-0.0161110556001462,-0.418297884906263,-0.402186829306117,275,500,-0.749167897585302,-0.531662797223927,0.0129181496279405,0.234183614216167,-0.443528247912808,-0.278209851593328,0.0932109114828368,0.175668285768382,-0.717622832916142,-0.571824503843057,-0.137850790837104,0.0113923445385965
"Copper",24,-0.0122813097019035,-0.390505592610637,-0.378224282908734,275,500,-0.695237058414839,-0.506971179425299,0.0517414709751883,0.285188494327619,-0.481509343234738,-0.26510016183428,0.0953232857453404,0.175670700435696,-0.696723698942419,-0.542775233984856,-0.094254081686245,0.0575470395638615
"Gold",0,0.00715991770761843,-0.0601525426135651,-0.0673124603211836,275,500,-0.10251623780105,-0.0805969850390117,-0.00569002428412749,0.0162519375234499,-0.0324510256697002,-0.0204365223609839,0.0103911270828682,0.0236420417643523,-0.102792147900641,-0.0829268862312014,-0.0177814523329806,0.000820268481824515
"Gold",1,-0.00213656126337917,-0.0089564984856322,-0.00681993722225304,275,500,-0.0653337418545961,-0.0292955936094395,0.0630981736009592,0.0939233035195299,-0.0560989726895128,-0.0412094465092575,0.000664455283021343,0.0147450105341958,-0.0701981939847882,-0.0446354033087511,0.0378886485023669,0.0665227642325711
"Gold",2,-0.00320950864697731,0.0438017882702922,0.0470112969172695,275,500,-0.0601901218039387,-0.010677994430932,0.123287083282015,0.169325255874188,-0.0627613589128159,-0.0425481332439456,0.00814983815850456,0.0317415507633072,-0.0550589202424562,-0.0176377342791856,0.0961407537708516,0.140272741601131
"Gold",3,-0.0028377529954435,0.0271677675283255,0.030005520523769,275,500,-0.0647992189851197,-0.0151033146041411,0.132583862723611,0.175451454571127,-0.0835262821932199,-0.051433389658331,-0.0024290935466948,0.0146092454848504,-0.0820859967402439,-0.0365040508567901,0.100454716747286,0.138089021718792
"Gold",4,-0.0207954558895483,0.0207990897412973,0.0415945456308455,275,500,-0.0698292297727857,-0.0280904428513161,0.158018695908488,0.234330239727628,-0.0910048750491039,-0.0654940966065648,-0.00856130079546011,0.0106137562557601,-0.0956447016465192,-0.0539513518593779,0.115099900210693,0.189980345767936
"Gold",5,-0.065842368388573,-0.0364698119837681,0.0293725564048049,275,500,-0.0751336316100227,-0.0252615552710702,0.149118836793615,0.205020668893313,-0.145152998172593,-0.114252157026503,-0.0485797407117892,-0.0183140141885367,-0.150460431162516,-0.101093414539563,0.0581649941898925,0.11483509665021
"Gold",6,-0.0533596924950005,-0.0429051166653912,0.0104545758296092,275,500,-0.0971695365300094,-0.0489883872562208,0.11728273275681,0.190465551143781,-0.147535603822148,-0.112002715607686,-0.038115645445073,-0.0149951331190972,-0.158093574427744,-0.112247328587907,0.0368795772812623,0.0972993335199682
"Gold",7,-0.0293422200090482,-0.0911886241403044,-0.0618464041312562,275,500,-0.175720551092555,-0.115373108780597,0.0526949521347059,0.122630095623203,-0.121842601520026,-0.0881485754665114,-0.0115508641357502,0.0130284537193359,-0.214533120942831,-0.154208074041047,0.0053110659996233,0.0630015790342374
"Gold",8,-0.0399457697032615,-0.0769773017491648,-0.0370315320459033,275,500,-0.165984575518521,-0.0970732099953833,0.0893845044193412,0.173537336262812,-0.141540132888512,-0.106044893350729,-0.0215199601491323,-0.000574502998566512,-0.221723886801175,-0.153838813933457,0.0232378110965937,0.0924709956570931
"Gold",9,-0.0355602631955682,-0.0993873749644032,-0.063827111768835,275,500,-0.223214442583715,-0.139568319394002,0.0758554116364171,0.147561620161827,-0.155998546742123,-0.111669490479314,-0.0122623091142424,0.0186807653884662,-0.268488173748473,-0.191904771291683,0.0100030102830842,0.0898748416966784
"Gold",10,-0.0730466979761919,-0.10739338400814,-0.0343466860319483,275,500,-0.211326949923887,-0.129974860589086,0.0919927949794848,0.199115617179999,-0.184049625108395,-0.142013901901315,-0.0363519352723407,-0.00180468109963656,-0.286292361154038,-0.215055453710692,-0.000971633436376296,0.0807672056409281
"Gold",11,-0.094055802506387,-0.0878893214465601,0.00616648105982682,275,500,-0.171133328144412,-0.092760706176781,0.129038864875955,0.229266237352008,-0.188653664683264,-0.153144850446101,-0.0529907272530062,-0.0201329642108178,-0.267080540258238,-0.181734977058896,0.0189464797442314,0.104910023968357
"Gold",12,-0.123086436652584,-0.0636555102825923,0.0594309263699918,275,500,-0.148069134274137,-0.0566524860559181,0.188996568412922,0.291616500920578,-0.226851060038773,-0.186539152787145,-0.0800867037842917,-0.0401440565107576,-0.260853692212885,-0.182303951583556,0.0518535366686554,0.125473455866657
"Gold",13,-0.142494995809652,-0.104299769034468,0.0381952267751837,275,500,-0.209086315272618,-0.104277902126815,0.184057337306101,0.296397060560618,-0.254577582239476,-0.217062559791317,-0.0987155097414902,-0.0542719338064393,-0.355447929765193,-0.251562837434296,0.0211783992831327,0.102978852225236
"Gold",14,-0.133368455454051,-0.106121454502585,0.0272470009514652,275,500,-0.21109141324594,-0.103386520104558,0.180717680917337,0.281843936137074,-0.272382103354449,-0.219431144678934,-0.0918898596885209,-0.0472662876600475,-0.341195855364855,-0.258466457089487,0.0118440819284272,0.0863631857740531
"Gold",15,-0.114921946025558,-0.0865779647356299,0.0283439812899282,275,500,-0.246648020286149,-0.129737267092141,0.18630683133543,0.299429596643446,-0.260295046583175,-0.207159858141771,-0.0737591982105895,-0.030386667257134,-0.357618545553316,-0.255746487680958,0.0357591083731092,0.112518582516377
"Gold",16,-0.142878760291765,-0.129300898827025,0.0135778614647399,275,500,-0.252607273373179,-0.138161988222762,0.189357410103869,0.310365758343325,-0.313579776486136,-0.243070878483363,-0.104807274249603,-0.0531635138934868,-0.418175775531378,-0.294482098674752,-0.00309877754088778,0.0855156468276803
"Gold",17,-0.138683127036767,-0.171067902357183,-0.0323847753204166,275,500,-0.314410705967249,-0.17714319426592,0.142491266382458,0.26233744669129,-0.312435682220605,-0.241849511186057,-0.0893299341638498,-0.0350790954419085,-0.456587682575935,-0.327632626313457,-0.0397925631434803,0.0553755393931883
"Gold",18,-0.101630277206009,-0.189274243594226,-0.0876439663882172,275,500,-0.360058307543813,-0.237073602385106,0.104652822595076,0.236492403488827,-0.276061687713683,-0.206934915448472,-0.0516647206337875,0.00893795518832695,-0.472123565084851,-0.339738072356307,-0.0362208470354088,0.0629157462189836
"Gold",19,-0.109273122334142,-0.147821088807856,-0.0385479664737141,275,500,-0.331460615693458,-0.185808901301767,0.15080117580007,0.287075679868558,-0.283094568216129,-0.22211334273489,-0.059470211427384,-0.00847506396923838,-0.452560976289707,-0.321797695146847,0.00123058320354325,0.0934513032071619
"Gold",20,-0.144598881426466,-0.167426377135909,-0.0228274957094431,275,500,-0.328364247742652,-0.176726551342791,0.188420116466418,0.311574155346633,-0.320368711135725,-0.260774562115559,-0.0911732115630889,-0.0209315439564143,-0.479294091433081,-0.337639294457376,-0.0015183936274564,0.0963625586914818
"Gold",21,-0.158187050117576,-0.18337498844091,-0.0251879383233338,275,500,-0.363572054752046,-0.193274098173419,0.203395691312907,0.34096437075213,-0.341730804902969,-0.280917808774623,-0.0976111373721116,-0.0200239743554759,-0.505910825135714,-0.367107469990239,0.00538711950979595,0.0982361640127987
"Gold",22,-0.147849801952197,-0.183055701099805,-0.0352058991476077,275,500,-0.395889817733585,-0.211260400257775,0.196061459772324,0.346484589001954,-0.34062137582743,-0.270656560962935,-0.0875660258924797,-0.0141599992997801,-0.535337684002436,-0.374376357429843,0.013705363534606,0.110118661203934
"Gold",23,-0.154591083120433,-0.249654874149088,-0.0950637910286554,275,500,-0.466174664514907,-0.301784210284775,0.149178042213987,0.285689970811427,-0.383800399040016,-0.273811297662553,-0.0862610751904635,-0.0148801647297416,-0.617407969101815,-0.456847645844946,-0.0512193027045523,0.0585599491911715
"Gold",24,-0.17194024319075,-0.23381001539304,-0.0618697722022903,275,500,-0.478298204244643,-0.266403583149449,0.207377651807654,0.360039926803982,-0.438467816451271,-0.308721397293692,-0.0990167517973051,-0.0235287889886891,-0.613516844241144,-0.445512562182442,-0.0164395851242729,0.105898243907056
"Oil",0,0.0179655122595154,0.225360250006398,0.207394737746883,275,500,-0.0642430019275825,0.0184732290939852,0.352376723835938,0.433017631470013,-0.0977950563745599,-0.0706228909761316,0.0129705028490758,0.0523610066511494,-0.0764538402783411,-0.00451489772381791,0.318537958423429,0.389726407852663
"Oil",1,0.129944831707896,0.326251745998978,0.196306914291082,275,500,-0.235820176577586,-0.0815032571642993,0.33905719693042,0.498056005754954,-0.0361678074551189,0.00366272331254901,0.171769372305014,0.246636641547756,-0.104949109438853,0.00806901164807478,0.414744356246085,0.531876079248553
"Oil",2,0.12413955103497,0.206810154984252,0.0826706039492818,275,500,-0.262365484643698,-0.140884048228422,0.187300572105191,0.293069094683303,-0.0231351030847333,0.0255927029490819,0.167433255410714,0.234649356199261,-0.150381249268696,-0.0236517234751394,0.258739132386249,0.363230883406352
"Oil",3,0.07444217862141,0.159094162794337,0.084651984172927,275,500,-0.243826459335511,-0.105246590520437,0.277594062055277,0.41314116061508,-0.102531123122859,-0.0559369644872028,0.100253730419348,0.16388721010406,-0.167916607697291,-0.0766299942776828,0.271274171893632,0.381746255180382
"Oil",4,0.0627390408024178,0.28323832905056,0.220499288248142,275,500,-0.117973037033248,0.0172872869610562,0.385530962774554,0.516897739874968,-0.140597645572143,-0.080572145073494,0.090440660597702,0.160354525071383,-0.0637753497332213,0.0345086735639626,0.35282692709779,0.470850676549119
"Oil",5,0.0552226643507923,0.183450607049215,0.128227942698422,275,500,-0.219262191457162,-0.0900135616718268,0.304961994250363,0.44894965358136,-0.188146952860555,-0.0932579775206378,0.0994438269810091,0.152818265418448,-0.178067135393678,-0.0517165430854097,0.277200195241268,0.388565885255832
"Oil",6,0.141319795851441,-0.03075976741934,-0.172079563270781,275,500,-0.658693719927213,-0.44452485807171,0.0383344033042284,0.204292137078661,-0.121856812800016,-0.0267885033975702,0.187143051514014,0.252672970070763,-0.537937592276495,-0.360598523546605,0.109618177315784,0.246469488311264
"Oil",7,0.210659643957989,0.0828548193351373,-0.127804824622851,275,500,-0.598125315362562,-0.405177365815651,0.0883685809485785,0.257937991112047,-0.0738017542315309,0.0309677919584433,0.252148205060102,0.318648482656138,-0.457817609236155,-0.255158143782626,0.223750426620636,0.347679596959041
"Oil",8,0.205841047921396,-0.0503861998800198,-0.256227247801416,275,500,-0.746040646671822,-0.523098596203515,0.0342917664084841,0.19668105266239,-0.119765881855229,-0.00462961649098654,0.2580835469337,0.346014162222353,-0.596686567436103,-0.389242096365392,0.147023900060136,0.271933340952879
"Oil",9,0.189155838883871,0.134242540589716,-0.0549132982941546,275,500,-0.647319683250771,-0.391385170531441,0.316268640801336,0.645680128594045,-0.142997997535538,-0.0216787365216728,0.259822681465757,0.340499021110115,-0.491069770489287,-0.23556946344385,0.444359931969952,0.667379616561915
"Oil",10,0.151471147652225,0.16664615404377,0.0151750063915451,275,500,-0.479323725564833,-0.252470409971834,0.370246914412365,0.687190846679495,-0.160807026179698,-0.0366266373991448,0.221352663147174,0.292897499438045,-0.359245464701367,-0.168613035894897,0.441736296634081,0.644391097400354
"Oil",11,0.064392364843802,0.0185111924391416,-0.0458811724046604,275,500,-0.447799507286546,-0.260553431494276,0.275782968262122,0.463047494313415,-0.258553999849002,-0.154385869274807,0.116452403891292,0.209158018173666,-0.404303767763312,-0.238997718286054,0.21684953623828,0.403714024823699
"Oil",12,0.0526345804106597,0.0475174600920947,-0.00511712031856502,275,500,-0.402321898255576,-0.249323624516618,0.262367091463439,0.443017996779279,-0.209204289723646,-0.101791087006073,0.151371707192563,0.260045247025734,-0.32885731570919,-0.179515119486776,0.249015706058342,0.401871760473726
"Oil",13,0.0841513453642499,0.0431758503801228,-0.040975494984127,275,500,-0.471561832328242,-0.291825484613519,0.191497179865948,0.374023015635581,-0.229573466362229,-0.0879937212636078,0.191148152202265,0.285247236136461,-0.340421190154149,-0.210076919803657,0.197392844362404,0.339186943195536
"Oil",14,0.00802786159160038,-0.0133100989247375,-0.0213379605163379,275,500,-0.390771504487806,-0.225560075357881,0.25571399945822,0.435096714559659,-0.350804919667269,-0.21192988470385,0.0883085546293075,0.158171412526791,-0.389057023746883,-0.259686014489524,0.138917937373135,0.259999643410068
"Oil",15,0.00461445909914619,-0.147374407511827,-0.151988866610973,275,500,-0.509638688094317,-0.34546194340834,0.183024024792601,0.379417299268944,-0.345386665148714,-0.210027276519277,0.107055579716066,0.191341110158675,-0.480514827411538,-0.349925031130147,0.0880159447030372,0.198112245440078
"Oil",16,-0.0496144936221166,-0.0179698361955999,0.0316446574265167,275,500,-0.39578357165958,-0.20463270947969,0.339139298282557,0.551839583228363,-0.373739236808357,-0.230145102828585,0.0778582817166478,0.173718557732196,-0.412344528173237,-0.243486820300921,0.219342211142582,0.33121567131983
"Oil",17,-0.0164271379018967,0.00576129469552759,0.0221884325974243,275,500,-0.362451778641809,-0.199920735970937,0.292597131863382,0.491508804442021,-0.358188590907114,-0.225409239116333,0.0909781577315186,0.180236748319263,-0.362727583270228,-0.205602506148788,0.181631450411956,0.295208926352606
"Oil",18,0.105733624140603,0.0107420485233921,-0.0949915756172111,275,500,-0.428791980568205,-0.29149590897474,0.209304416314009,0.38693918167415,-0.207313276825116,-0.0922979969893643,0.186204228811293,0.272264469076949,-0.33409631309523,-0.178487921197991,0.210797115692548,0.339044986528297
"Oil",19,0.11323680509118,-0.057316843618358,-0.170553648709538,275,500,-0.525671489978906,-0.370335990756368,0.151326668152917,0.353853098005116,-0.210189082241149,-0.0942503423138234,0.193774340460415,0.29155678422311,-0.403215722254108,-0.258945591587222,0.173200507915985,0.298480664348144
"Oil",20,0.030002739848399,-0.0636144615522355,-0.0936172014006345,275,500,-0.49569295675019,-0.319801670301426,0.263396297689415,0.401528991435977,-0.293303960557952,-0.182465225863926,0.128698080997799,0.243588906017951,-0.429175760479519,-0.274291829428415,0.16851110696881,0.280892263281106
"Oil",21,0.0356719476360961,-0.0622027014136193,-0.0978746490497154,275,500,-0.494811375039896,-0.326098159619561,0.269715549478876,0.42320599150886,-0.259708353681885,-0.145432553377451,0.146598095242745,0.252812725470046,-0.41557421034029,-0.269508894927901,0.21739200471152,0.34978711525736
"Oil",22,-0.0400826219529676,-0.179917716658599,-0.139835094705632,275,500,-0.567257101558584,-0.36228856195027,0.25423207026978,0.445636182994437,-0.38605977799028,-0.252200995919823,0.0405634933874482,0.150805216784478,-0.572411449031992,-0.410320410811249,0.0962116366764247,0.231548374710466
"Oil",23,0.0250534033347269,-0.247063831164962,-0.272117234499689,275,500,-0.649117804730758,-0.475547306833762,0.172371518177068,0.343190570240386,-0.37117773059656,-0.205487397593304,0.117947453386164,0.223863643677446,-0.594376567985032,-0.438044419013237,0.0584020073391928,0.220342273157129
"Oil",24,0.0893559098476325,-0.279100869171921,-0.368456779019554,275,500,-0.760731705056057,-0.572739843464821,0.120753899533697,0.332562920487384,-0.346865918318135,-0.173884070921123,0.166964402601244,0.284500485956197,-0.672879321219447,-0.498954553562367,0.0402752218683231,0.242887671426295
"Soybeans",0,-0.0123124821897499,-0.00711144128501637,0.00520104090473357,271,500,-0.0886392852796315,-0.0440890965492887,0.0760154822086021,0.118511362760531,-0.0449783160288662,-0.0307532328542161,0.0140090543988702,0.0339023171226556,-0.0779509987343307,-0.0481119830879708,0.0631279283272749,0.0937886289963974
"Soybeans",1,-0.00937184497259828,0.148421924403184,0.157793769375783,271,500,-0.0274404852090109,0.0344668758502634,0.213934288350532,0.261540048102548,-0.0702363770453719,-0.0441630678266957,0.0571999078439246,0.106433666444388,0.01438234931286,0.0527266021455552,0.202853580453525,0.245095264463305
"Soybeans",2,-0.0255423002083963,0.199102146404729,0.224644446613125,271,500,0.0175599947347139,0.088347727885885,0.31461055946222,0.389135522094306,-0.100407615201246,-0.0662942716384274,0.0570820006312735,0.113931894742244,0.0349959384924709,0.100899945990516,0.289096478219273,0.346222314898957
"Soybeans",3,-0.0205810258375915,0.172713989138263,0.193295014975855,271,500,-0.0875282832931279,0.000714762883982986,0.285621907218246,0.371873433089045,-0.112391867184361,-0.0784540837502946,0.0955160813078527,0.155661376225229,-0.0510643066120203,0.0460192749311438,0.257379130598016,0.32704694111891
"Soybeans",4,0.0250920513101832,0.168996793655853,0.14390474234567,271,500,-0.124723960491919,-0.0438324680746201,0.239626906352058,0.322942603551901,-0.0835225299940944,-0.042541220643396,0.12471478161267,0.206706038066907,-0.0585457549925964,0.0333522390139242,0.252115796604535,0.322537598650629
"Soybeans",5,-0.027162024035029,0.171270306270013,0.198432330305042,271,500,-0.0497877909866748,0.0556464849774716,0.321006177862721,0.419710392816803,-0.154687573937378,-0.102700933858964,0.0389067030294651,0.0915001569924102,-0.0394858171373277,0.0392456275364832,0.265222524698392,0.35003299102376
"Soybeans",6,-0.0335076912668034,0.0911221210761344,0.124629812342938,271,500,-0.0878685658315002,0.0181849324026806,0.316416749437064,0.441944742146254,-0.196918991849109,-0.137756253132136,0.0252006939493328,0.0721074711930035,-0.117642398330062,-0.0123010312701216,0.238553703578329,0.32979628464794
"Soybeans",7,-0.031139036766091,0.0729034139259617,0.104042450692053,271,500,-0.112865076969464,-0.00480089259455136,0.329756355751602,0.468044988548434,-0.200855358839461,-0.140664676839154,0.0241060009292057,0.0780570105595385,-0.118583001990164,-0.0363616118758701,0.249813747473646,0.338481937626205
"Soybeans",8,0.00287218450782777,-0.0140495992639987,-0.0169217837718264,271,500,-0.255604862370754,-0.134998539735915,0.241747834873256,0.371616974016629,-0.20423131121631,-0.114425073047839,0.083031150387603,0.14867581220696,-0.207782439099911,-0.120555175159999,0.180610497223353,0.29043285647694
"Soybeans",9,0.0412252287734601,-0.0353353828530364,-0.0765606116264965,271,500,-0.355463157525459,-0.219906420807774,0.149639084410892,0.309623882971921,-0.161748953266497,-0.0679828661743525,0.132471454105024,0.221145461089215,-0.264003182539444,-0.164727300969275,0.151036460478904,0.254935335866339
"Soybeans",10,0.00870000305049434,-0.0236858467601837,-0.032385849810678,271,500,-0.31872649860646,-0.163483167146322,0.233269495737722,0.386286271064866,-0.204877672899182,-0.112122219073799,0.0905094152636744,0.156971681071365,-0.251702820261503,-0.169322095016457,0.185072518449477,0.300506588153482
"Soybeans",11,-0.0161306324586726,0.00920405614186128,0.0253346886005339,271,500,-0.261581027732602,-0.111534074256583,0.279806431851731,0.446860295220284,-0.197476628826434,-0.125385783077906,0.0643961810875273,0.135691077891785,-0.232586408700125,-0.122399927427315,0.21842149652202,0.34805450491366
"Soybeans",12,0.000541534874829665,-0.00865754282490664,-0.00919907769973631,271,500,-0.295427699765931,-0.142201161861052,0.243700926758181,0.377721882200852,-0.180258266874334,-0.110718792900964,0.1063619193138,0.189329418689039,-0.225571853488749,-0.127297922088067,0.19154038336928,0.334387877177181
"Soybeans",13,-0.135004716527575,-0.0572278279556025,0.0777768885719722,271,500,-0.188081388743288,-0.0630430388023249,0.296802155859602,0.429671477637711,-0.322886088154099,-0.224403170881429,-0.0349995818845236,0.0215040740301749,-0.284476858871419,-0.178856091209047,0.130832319529759,0.266182629549891
"Soybeans",14,-0.157663399619523,-0.00396608017610117,0.153697319443422,271,500,-0.122992776882268,-0.0113101792852088,0.366233090653159,0.491670711056492,-0.329524349056998,-0.251570872332229,-0.0678713625813922,-0.0117605997207292,-0.272902236576128,-0.157687792372626,0.186568755409146,0.302895778166473
"Soybeans",15,-0.194406985478938,0.0415019556916762,0.235908941170614,271,500,-0.0819063500117281,0.0330841175318818,0.430560737991642,0.559005952239402,-0.349932230513354,-0.277012587233525,-0.0892857464482319,-0.0230390643077255,-0.227881338195647,-0.12282159636118,0.229186780672634,0.348910652657863
"Soybeans",16,-0.236694030095648,0.0208255548877316,0.25751958498338,271,500,-0.0428700659465441,0.0673754939704373,0.484502105210792,0.626565675008276,-0.409490293125755,-0.315251463876977,-0.130383144926015,-0.071628104794382,-0.252588389759663,-0.136101652771846,0.242226504517931,0.385147964949061
"Soybeans",17,-0.27161273642654,0.0348454496397412,0.306458186066281,271,500,-0.00556003062731444,0.139877488709694,0.5903912522447,0.770841959002947,-0.491681107099808,-0.374555600338692,-0.16875082722872,-0.111303894164256,-0.236966793691878,-0.108944564386926,0.290396537678769,0.45970868877813
"Soybeans",18,-0.276856576485937,0.0458985528398775,0.322755129325814,271,500,0.0100475812512516,0.166712649727392,0.652528016240208,0.797115677337906,-0.496711386231411,-0.394037445009579,-0.186727126048964,-0.133010382259419,-0.260724389603185,-0.100008309422552,0.323354957880855,0.499169256484211
"Soybeans",19,-0.299918310520557,0.117939385146963,0.41785769566752,271,500,0.0516778368260246,0.219666527410246,0.751229133996756,0.902691700135088,-0.530051271492494,-0.417097752091276,-0.186058857538562,-0.124107180840797,-0.239213740222543,-0.0599610107939384,0.395582501112219,0.580567344402266
"Soybeans",20,-0.214897302709491,0.0414814237157735,0.256378726425265,271,500,-0.109503058160175,0.0611073931986132,0.597154292243441,0.750176437036153,-0.409631344011103,-0.318863600592458,-0.0791959787758679,-0.00626815474246019,-0.269325276691905,-0.0990377078746538,0.350804185040701,0.517439039164498
"Soybeans",21,-0.224843542646738,0.0502454106534772,0.275088953300216,271,500,-0.0817300563612388,0.0991472222140971,0.6460911982804,0.808476581865391,-0.468213487438799,-0.357428160078563,-0.105742755821103,-0.0406308397993945,-0.258160481664006,-0.094613162007519,0.382012609319377,0.569767611619898
"Soybeans",22,-0.273457613043374,-0.119091422026002,0.154366191017371,271,500,-0.193804489278932,-0.023704503960147,0.526221986238331,0.691312621904358,-0.573364510815243,-0.420228856653575,-0.162555989523346,-0.0927034631059701,-0.467905532749099,-0.291755110390441,0.198977067846009,0.378990132225689
"Soybeans",23,-0.258423610890722,-0.218957555518574,0.0394660553721483,271,500,-0.262716483002031,-0.095400340327281,0.452562514201875,0.612703368438487,-0.55490964495463,-0.409817566133197,-0.154429380291843,-0.0817520194958963,-0.503830471111572,-0.357656538273182,0.128739224146503,0.285879536982614
"Soybeans",24,-0.305866760759968,-0.140427720248621,0.165439040511347,271,500,-0.165941682852762,0.0214734736781058,0.5562377404838,0.715545141969906,-0.589302449131353,-0.445040059415815,-0.196499082368772,-0.10784238654034,-0.437280203368137,-0.285346016407577,0.190834022301492,0.351386954240521
"Wheat",0,-0.0564907515034227,-0.0301426266908474,0.0263481248125754,275,500,-0.132196806213953,-0.0801826374417404,0.0730251091622692,0.13372215363367,-0.0955126037633391,-0.075728866821285,-0.0171867281005785,0.0131240870753062,-0.169096835553105,-0.122726870463696,0.0203875451525105,0.0713898713619937
"Wheat",1,0.0354205597918378,0.160473408748351,0.125052848956514,275,500,-0.0848987089722426,-0.00188278520666909,0.213073917456736,0.293826470040785,-0.0256742307413881,9.22691520777979e-05,0.117635032769847,0.156450182901249,0.00578819962717325,0.0711030744383056,0.244966317420546,0.320821821722545
"Wheat",2,0.0110230278502039,0.187420720128584,0.17639769227838,275,500,-0.0139865385366676,0.0504274021805512,0.275877897827289,0.34444998163086,-0.0731793255441328,-0.0215701213770888,0.0702357249349257,0.104458645491462,0.031266798372192,0.0858754258927316,0.282678393984957,0.353630132415534
"Wheat",3,-0.0563426071374842,0.12830342073679,0.184646027874274,275,500,-0.0332153169988599,0.051481566297852,0.271931099488939,0.349594473862268,-0.129089387283912,-0.0866494974025749,0.0222521929976289,0.067190724310191,-0.0400477533533332,0.0185588164730253,0.220613040507337,0.306496780488224
"Wheat",4,0.0235073225989773,0.10674983309468,0.0832425104957023,275,500,-0.201673803115885,-0.109142957127191,0.143723474640344,0.219479683432321,-0.0569719969015714,-0.0225056456312227,0.136120479078862,0.205407626636975,-0.0782862923485681,-0.0325383597461347,0.171269149631704,0.260396727049621
"Wheat",5,0.0204601121643037,0.0799458705449818,0.0594857583806781,275,500,-0.206083069467597,-0.103858649218898,0.150160746948256,0.231549790121852,-0.0715074961702205,-0.0284023148435927,0.112189689368146,0.206187614683337,-0.116526865736156,-0.0542788519469406,0.163931867118881,0.244216473177478
"Wheat",6,-0.0496672838605528,0.0619613456495452,0.111628629510098,275,500,-0.126841712909022,-0.0273768144742957,0.230183317877558,0.309925143842224,-0.129180328843619,-0.0913342176470047,0.0484600036123618,0.126243138985833,-0.103291735219343,-0.0323281770068707,0.183308050638998,0.269939810855016
"Wheat",7,0.0146980432511762,0.0578213878873506,0.0431233446361744,275,500,-0.225107406111895,-0.130765063767874,0.170674553085665,0.250964224289522,-0.0773975638775509,-0.0410955860006853,0.119202260896919,0.217489470020205,-0.139995621817747,-0.0729341869680596,0.173087737565187,0.25612039184142
"Wheat",8,-0.0232806705766809,0.0937809814308491,0.11706165200753,275,500,-0.0907527632972196,-0.000934558778966978,0.310716627789428,0.422267369558694,-0.105993218612565,-0.0652041082968348,0.0932438060890642,0.190176394348877,-0.0463883918655096,0.0257152196047392,0.304904091247786,0.396950567171602
"Wheat",9,-0.0922141095022827,0.00683396588873296,0.0990480753910156,275,500,-0.157513118613568,-0.0557605257559206,0.292823185405685,0.391572203045163,-0.234154387650548,-0.156363505822467,0.0315052421868068,0.128443212390069,-0.155715007620188,-0.0945886638492243,0.180187994458626,0.276207550724113
"Wheat",10,-0.0674993207852014,0.0262425564810186,0.09374187726622,275,500,-0.136158150809658,-0.0533320684405014,0.272120384367343,0.394890418154478,-0.191333783275267,-0.128527027943208,0.0367674511643385,0.0960028951687388,-0.141444807060926,-0.0749224398203556,0.195267684879754,0.310729948362023
"Wheat",11,-0.107740368534902,0.181295830549469,0.289036199084371,275,500,0.0358986298370706,0.130903070853175,0.425141516799042,0.527935014017034,-0.23218377534871,-0.163154922876322,-0.00843046162650436,0.0573648975041543,0.000683149885877894,0.0654889541782584,0.316402250231177,0.419221492695824
"Wheat",12,-0.0575096877285236,0.198917558146725,0.256427245875248,275,500,-0.0157798637781131,0.0928878985009328,0.364025064475327,0.475145121788981,-0.172913287199942,-0.104133102335012,0.0406714591354618,0.100841774213502,0.0237884796515157,0.0866703020768955,0.315619266684039,0.417323228571006
"Wheat",13,-0.0527329616408351,0.0807493525682619,0.133482314209097,275,500,-0.134105876851352,-0.0182199072326853,0.269661120996486,0.391948475964585,-0.163329998100926,-0.101025650288435,0.0627022544710356,0.118844698992368,-0.0983627823402769,-0.025143801447087,0.244277511493759,0.336826784677128
"Wheat",14,-0.0930796227474279,0.137950414128566,0.231030036875994,275,500,-0.0728274215655651,0.0574489332775853,0.372516467974672,0.506798245423126,-0.214819447936082,-0.155979018986765,0.0327610669367551,0.131480426159014,-0.0495952659623968,0.0253581235648635,0.305799971038227,0.393838246341077
"Wheat",15,-0.0905461894463066,0.166300084938265,0.256846274384572,275,500,-0.0588777778455181,0.0553423626449074,0.415892914862521,0.550963649496835,-0.217126985273962,-0.162553835461236,0.0771463398413519,0.166881509396884,-0.0500190160953834,0.0393786901702139,0.330667088264623,0.467594793157044
"Wheat",16,-0.164158150674065,0.207945968514992,0.372104119189057,275,500,0.0192188494367653,0.137837615918375,0.528031218265623,0.676409113012018,-0.304899978116283,-0.242562090094757,-0.000409687320083159,0.0945928123202866,-0.0435239012391562,0.0401167333086917,0.371406170243653,0.517990004451712
"Wheat",17,-0.222611345324452,0.193915124273863,0.416526469598315,275,500,0.0663996261365916,0.208844995777731,0.613338658478928,0.760633512482902,-0.375838865488723,-0.307175698181291,-0.0468731071557903,0.0660785326080578,-0.0496386485705871,0.0591786197370086,0.393331839283715,0.532067076178751
"Wheat",18,-0.211742083311232,0.163029642888557,0.374771726199789,275,500,0.0247698587243167,0.166547287964859,0.57060467007748,0.720728916924133,-0.360859955742945,-0.311918756566029,-0.0276217415744709,0.0823930157588502,-0.0582337983039834,0.048209101409573,0.350996237667962,0.484820933546955
"Wheat",19,-0.196565674051969,0.125428956240895,0.321994630292864,275,500,-0.00612702924554545,0.124091469069287,0.542940470593358,0.681378800971617,-0.337829942920712,-0.270526269568272,-0.0283685525041448,0.0796957850338094,-0.125740794595983,-0.0143879214064241,0.351818331742625,0.494778467774644
"Wheat",20,-0.158915175632064,0.101311346354002,0.260226521986066,275,500,-0.0363676080639461,0.102131966519719,0.514444792257225,0.682914977141414,-0.319483913902109,-0.243798348846232,-0.0337040294656529,0.100813528825498,-0.140140172275771,-0.00796184857771485,0.342220029552692,0.495815513112278
"Wheat",21,-0.140159874284523,0.102829243624096,0.242989117908619,275,500,-0.0574361030923592,0.0913489644689602,0.511733842237651,0.669105547860527,-0.320924595603198,-0.237902487080794,-0.0205140076175208,0.102997299829534,-0.132544926028816,-0.00499772479090973,0.350137581246259,0.496149127830223
"Wheat",22,-0.0916378946449666,-0.0538938059635699,0.0377440886813966,275,500,-0.273054506694862,-0.133233594112592,0.320866570827877,0.476502153007013,-0.290526959219548,-0.197226701778844,0.0191666346395858,0.135031551788233,-0.321098226594663,-0.18705024470691,0.202979350026016,0.33767885147643
"Wheat",23,-0.0219275806109828,-0.0760206555637221,-0.0540930749527392,275,500,-0.355988777211663,-0.194531210530345,0.232446757582686,0.406346387521058,-0.214244099648285,-0.125690326076712,0.105254523325023,0.224894603894754,-0.291285238703325,-0.176491641008543,0.185354150128854,0.322188898887578
"Wheat",24,-0.0345587267473005,-0.0318589987927723,0.00269972795452823,275,500,-0.302284303090209,-0.150486671293919,0.297232505111197,0.48426721012257,-0.223562985746015,-0.135294867545049,0.0848731970205057,0.194040174171747,-0.277344593399886,-0.154120257615913,0.242768840142773,0.415970275508805
